#include "UnicodeFont.h"

// Auto-generated extended glyph bitmaps for Font20.
// Cell 14x20, 2 bytes/row, 40 bytes/glyph.
// Source: NimbusMonoPS-Bold (primary), DejaVu Sans Mono Bold (fallback for a few symbols).
extern const uint8_t Font20_Ext_Table[] = {
  0x00, 0x00, 0x00, 0x00, 0x00, 0x00, 0x00, 0x00, 0x00, 0x00, 0x00, 0x00, 0x01, 0x00, 0x03, 0x80, 0x03, 0x80, 0x00, 0x00, 0x03, 0x00, 0x03, 0x80, 0x03, 0x80, 0x03, 0x80, 0x03, 0x80, 0x03, 0x80, 0x03, 0x80, 0x03, 0x80, 0x00, 0x00, 0x00, 0x00, // [0] U+00A1 INVERTED EXCLAMATION MARK
  0x00, 0x00, 0x00, 0x00, 0x01, 0x00, 0x03, 0x80, 0x03, 0x80, 0x07, 0xE0, 0x0F, 0xE0, 0x1C, 0x60, 0x1C, 0x00, 0x1C, 0x00, 0x0F, 0xE0, 0x07, 0xE0, 0x03, 0x80, 0x03, 0x80, 0x01, 0x00, 0x00, 0x00, 0x00, 0x00, 0x00, 0x00, 0x00, 0x00, 0x00, 0x00, // [1] U+00A2 CENT SIGN
  0x00, 0x00, 0x00, 0x00, 0x00, 0x00, 0x00, 0x00, 0x07, 0xC0, 0x0F, 0xC0, 0x0C, 0x40, 0x0C, 0x00, 0x1F, 0x80, 0x1F, 0x80, 0x06, 0x00, 0x06, 0x30, 0x1F, 0xF0, 0x1F, 0xF0, 0x00, 0x00, 0x00, 0x00, 0x00, 0x00, 0x00, 0x00, 0x00, 0x00, 0x00, 0x00, // [2] U+00A3 POUND SIGN
  0x00, 0x00, 0x00, 0x00, 0x00, 0x00, 0x00, 0x00, 0x00, 0x00, 0x1B, 0x60, 0x1F, 0xE0, 0x0F, 0xE0, 0x0C, 0x60, 0x0C, 0x60, 0x0F, 0xE0, 0x1F, 0xE0, 0x18, 0x20, 0x00, 0x00, 0x00, 0x00, 0x00, 0x00, 0x00, 0x00, 0x00, 0x00, 0x00, 0x00, 0x00, 0x00, // [3] U+00A4 CURRENCY SIGN
  0x00, 0x00, 0x00, 0x00, 0x00, 0x00, 0x00, 0x00, 0x3E, 0xF8, 0x1C, 0x70, 0x0E, 0xE0, 0x07, 0xC0, 0x07, 0x80, 0x0F, 0xE0, 0x07, 0xC0, 0x0F, 0xE0, 0x07, 0xC0, 0x0F, 0xC0, 0x00, 0x00, 0x00, 0x00, 0x00, 0x00, 0x00, 0x00, 0x00, 0x00, 0x00, 0x00, // [4] U+00A5 YEN SIGN
  0x00, 0x00, 0x00, 0x00, 0x00, 0x00, 0x01, 0x00, 0x03, 0x80, 0x03, 0x80, 0x03, 0x80, 0x03, 0x80, 0x03, 0x00, 0x00, 0x00, 0x00, 0x00, 0x03, 0x80, 0x03, 0x80, 0x03, 0x80, 0x03, 0x80, 0x03, 0x80, 0x01, 0x00, 0x00, 0x00, 0x00, 0x00, 0x00, 0x00, // [5] U+00A6 BROKEN BAR
  0x00, 0x00, 0x00, 0x00, 0x00, 0x00, 0x00, 0x00, 0x07, 0xF0, 0x0F, 0xF0, 0x0C, 0x20, 0x1E, 0x00, 0x1F, 0x80, 0x19, 0xE0, 0x1E, 0x70, 0x0F, 0x30, 0x03, 0xF0, 0x00, 0xE0, 0x18, 0x60, 0x1F, 0xC0, 0x1F, 0x80, 0x00, 0x00, 0x00, 0x00, 0x00, 0x00, // [6] U+00A7 SECTION SIGN
  0x00, 0x00, 0x00, 0x00, 0x04, 0x40, 0x0E, 0xE0, 0x04, 0xC0, 0x00, 0x00, 0x00, 0x00, 0x00, 0x00, 0x00, 0x00, 0x00, 0x00, 0x00, 0x00, 0x00, 0x00, 0x00, 0x00, 0x00, 0x00, 0x00, 0x00, 0x00, 0x00, 0x00, 0x00, 0x00, 0x00, 0x00, 0x00, 0x00, 0x00, // [7] U+00A8 DIAERESIS
  0x00, 0x00, 0x00, 0x00, 0x00, 0x00, 0x01, 0x00, 0x0F, 0xE0, 0x1C, 0x70, 0x37, 0xF0, 0x3E, 0xD8, 0x2C, 0x18, 0x2C, 0x18, 0x37, 0xD8, 0x37, 0xF0, 0x1C, 0x70, 0x0F, 0xC0, 0x00, 0x00, 0x00, 0x00, 0x00, 0x00, 0x00, 0x00, 0x00, 0x00, 0x00, 0x00, // [8] U+00A9 COPYRIGHT SIGN
  0x00, 0x00, 0x00, 0x00, 0x00, 0x00, 0x03, 0x00, 0x07, 0xC0, 0x07, 0xC0, 0x0F, 0xC0, 0x0D, 0xC0, 0x0F, 0xE0, 0x00, 0x00, 0x00, 0x00, 0x00, 0x00, 0x00, 0x00, 0x00, 0x00, 0x00, 0x00, 0x00, 0x00, 0x00, 0x00, 0x00, 0x00, 0x00, 0x00, 0x00, 0x00, // [9] U+00AA FEMININE ORDINAL INDICATOR
  0x00, 0x00, 0x00, 0x00, 0x00, 0x00, 0x00, 0x00, 0x00, 0x00, 0x00, 0x00, 0x00, 0x00, 0x03, 0x30, 0x06, 0x60, 0x1D, 0xC0, 0x1D, 0xC0, 0x0E, 0xE0, 0x03, 0x30, 0x01, 0x10, 0x00, 0x00, 0x00, 0x00, 0x00, 0x00, 0x00, 0x00, 0x00, 0x00, 0x00, 0x00, // [10] U+00AB LEFT-POINTING DOUBLE ANGLE QUOTATION MARK
  0x00, 0x00, 0x00, 0x00, 0x00, 0x00, 0x00, 0x00, 0x00, 0x00, 0x00, 0x00, 0x1F, 0xF0, 0x00, 0x10, 0x00, 0x10, 0x00, 0x10, 0x00, 0x10, 0x00, 0x00, 0x00, 0x00, 0x00, 0x00, 0x00, 0x00, 0x00, 0x00, 0x00, 0x00, 0x00, 0x00, 0x00, 0x00, 0x00, 0x00, // [11] U+00AC NOT SIGN
  0x00, 0x00, 0x00, 0x00, 0x00, 0x00, 0x01, 0x00, 0x0F, 0xE0, 0x1C, 0x70, 0x3F, 0xB0, 0x37, 0xD8, 0x27, 0xD8, 0x27, 0x98, 0x37, 0xD8, 0x3F, 0xF0, 0x1C, 0x70, 0x0F, 0xC0, 0x00, 0x00, 0x00, 0x00, 0x00, 0x00, 0x00, 0x00, 0x00, 0x00, 0x00, 0x00, // [12] U+00AE REGISTERED SIGN
  0x00, 0x00, 0x00, 0x00, 0x00, 0x00, 0x0F, 0xE0, 0x07, 0xC0, 0x00, 0x00, 0x00, 0x00, 0x00, 0x00, 0x00, 0x00, 0x00, 0x00, 0x00, 0x00, 0x00, 0x00, 0x00, 0x00, 0x00, 0x00, 0x00, 0x00, 0x00, 0x00, 0x00, 0x00, 0x00, 0x00, 0x00, 0x00, 0x00, 0x00, // [13] U+00AF MACRON
  0x00, 0x00, 0x00, 0x00, 0x00, 0x00, 0x01, 0x00, 0x07, 0xC0, 0x0C, 0x60, 0x0C, 0x60, 0x0C, 0x60, 0x07, 0xC0, 0x03, 0x80, 0x00, 0x00, 0x00, 0x00, 0x00, 0x00, 0x00, 0x00, 0x00, 0x00, 0x00, 0x00, 0x00, 0x00, 0x00, 0x00, 0x00, 0x00, 0x00, 0x00, // [14] U+00B0 DEGREE SIGN
  0x00, 0x00, 0x00, 0x00, 0x00, 0x00, 0x01, 0x00, 0x03, 0x80, 0x03, 0x80, 0x1F, 0xF0, 0x1F, 0xF0, 0x0F, 0xE0, 0x03, 0x80, 0x03, 0x00, 0x00, 0x00, 0x1F, 0xF0, 0x1F, 0xF0, 0x00, 0x00, 0x00, 0x00, 0x00, 0x00, 0x00, 0x00, 0x00, 0x00, 0x00, 0x00, // [15] U+00B1 PLUS-MINUS SIGN
  0x00, 0x00, 0x00, 0x00, 0x00, 0x00, 0x03, 0x80, 0x06, 0xC0, 0x00, 0xC0, 0x01, 0x80, 0x03, 0x00, 0x07, 0xC0, 0x07, 0xC0, 0x00, 0x00, 0x00, 0x00, 0x00, 0x00, 0x00, 0x00, 0x00, 0x00, 0x00, 0x00, 0x00, 0x00, 0x00, 0x00, 0x00, 0x00, 0x00, 0x00, // [16] U+00B2 SUPERSCRIPT TWO
  0x00, 0x00, 0x00, 0x00, 0x00, 0x00, 0x07, 0x80, 0x06, 0xC0, 0x00, 0xC0, 0x01, 0x80, 0x00, 0xC0, 0x04, 0xC0, 0x07, 0x80, 0x00, 0x00, 0x00, 0x00, 0x00, 0x00, 0x00, 0x00, 0x00, 0x00, 0x00, 0x00, 0x00, 0x00, 0x00, 0x00, 0x00, 0x00, 0x00, 0x00, // [17] U+00B3 SUPERSCRIPT THREE
  0x00, 0x00, 0x00, 0x00, 0x00, 0x60, 0x01, 0xC0, 0x03, 0x80, 0x00, 0x00, 0x00, 0x00, 0x00, 0x00, 0x00, 0x00, 0x00, 0x00, 0x00, 0x00, 0x00, 0x00, 0x00, 0x00, 0x00, 0x00, 0x00, 0x00, 0x00, 0x00, 0x00, 0x00, 0x00, 0x00, 0x00, 0x00, 0x00, 0x00, // [18] U+00B4 ACUTE ACCENT
  0x00, 0x00, 0x00, 0x00, 0x00, 0x00, 0x00, 0x00, 0x00, 0x00, 0x00, 0x00, 0x3C, 0xE0, 0x3D, 0xE0, 0x1C, 0x60, 0x1C, 0x60, 0x1C, 0x60, 0x1C, 0x60, 0x1F, 0xF0, 0x1F, 0xF0, 0x1C, 0x00, 0x1C, 0x00, 0x08, 0x00, 0x00, 0x00, 0x00, 0x00, 0x00, 0x00, // [19] U+00B5 MICRO SIGN
  0x00, 0x00, 0x00, 0x00, 0x00, 0x00, 0x00, 0x00, 0x0F, 0xF0, 0x1F, 0xE0, 0x1F, 0xE0, 0x1F, 0xE0, 0x1F, 0xE0, 0x0F, 0xE0, 0x07, 0xE0, 0x01, 0xE0, 0x01, 0xE0, 0x01, 0xE0, 0x01, 0xE0, 0x07, 0xF0, 0x0F, 0xF0, 0x00, 0x00, 0x00, 0x00, 0x00, 0x00, // [20] U+00B6 PILCROW SIGN
  0x00, 0x00, 0x00, 0x00, 0x00, 0x00, 0x00, 0x00, 0x00, 0x00, 0x00, 0x00, 0x00, 0x00, 0x00, 0x00, 0x00, 0x00, 0x00, 0x00, 0x00, 0x00, 0x00, 0x00, 0x00, 0x00, 0x00, 0x00, 0x03, 0x00, 0x01, 0x80, 0x07, 0x80, 0x07, 0x80, 0x00, 0x00, 0x00, 0x00, // [21] U+00B8 CEDILLA
  0x00, 0x00, 0x00, 0x00, 0x00, 0x00, 0x07, 0x00, 0x07, 0x00, 0x01, 0x00, 0x01, 0x00, 0x01, 0x00, 0x03, 0x80, 0x07, 0xC0, 0x00, 0x00, 0x00, 0x00, 0x00, 0x00, 0x00, 0x00, 0x00, 0x00, 0x00, 0x00, 0x00, 0x00, 0x00, 0x00, 0x00, 0x00, 0x00, 0x00, // [22] U+00B9 SUPERSCRIPT ONE
  0x00, 0x00, 0x00, 0x00, 0x00, 0x00, 0x01, 0x00, 0x07, 0xC0, 0x0E, 0xC0, 0x0C, 0x60, 0x0E, 0xC0, 0x07, 0xC0, 0x00, 0x00, 0x00, 0x00, 0x00, 0x00, 0x00, 0x00, 0x00, 0x00, 0x00, 0x00, 0x00, 0x00, 0x00, 0x00, 0x00, 0x00, 0x00, 0x00, 0x00, 0x00, // [23] U+00BA MASCULINE ORDINAL INDICATOR
  0x00, 0x00, 0x00, 0x00, 0x00, 0x00, 0x00, 0x00, 0x00, 0x00, 0x00, 0x00, 0x00, 0x00, 0x19, 0x80, 0x1C, 0xC0, 0x06, 0x70, 0x07, 0x70, 0x0E, 0xE0, 0x19, 0x80, 0x11, 0x00, 0x00, 0x00, 0x00, 0x00, 0x00, 0x00, 0x00, 0x00, 0x00, 0x00, 0x00, 0x00, // [24] U+00BB RIGHT-POINTING DOUBLE ANGLE QUOTATION MARK
  0x00, 0x00, 0x00, 0x00, 0x00, 0x00, 0x38, 0x00, 0x18, 0x60, 0x08, 0x40, 0x08, 0xC0, 0x08, 0x80, 0x3D, 0xB0, 0x1F, 0x70, 0x03, 0x70, 0x06, 0xF0, 0x06, 0xF8, 0x00, 0x30, 0x00, 0x30, 0x00, 0x00, 0x00, 0x00, 0x00, 0x00, 0x00, 0x00, 0x00, 0x00, // [25] U+00BC VULGAR FRACTION ONE QUARTER
  0x00, 0x00, 0x00, 0x00, 0x00, 0x00, 0x38, 0x00, 0x18, 0x40, 0x08, 0xC0, 0x08, 0xC0, 0x09, 0x80, 0x3F, 0xF0, 0x1F, 0xD8, 0x02, 0x18, 0x06, 0x30, 0x04, 0x60, 0x00, 0xF8, 0x00, 0xF8, 0x00, 0x00, 0x00, 0x00, 0x00, 0x00, 0x00, 0x00, 0x00, 0x00, // [26] U+00BD VULGAR FRACTION ONE HALF
  0x00, 0x00, 0x00, 0x00, 0x08, 0x00, 0x3C, 0x00, 0x06, 0x60, 0x0C, 0x40, 0x0E, 0xC0, 0x06, 0x80, 0x3F, 0xB0, 0x1B, 0x70, 0x03, 0xF0, 0x06, 0xF0, 0x06, 0xF8, 0x00, 0x30, 0x00, 0x30, 0x00, 0x00, 0x00, 0x00, 0x00, 0x00, 0x00, 0x00, 0x00, 0x00, // [27] U+00BE VULGAR FRACTION THREE QUARTERS
  0x00, 0x00, 0x00, 0x00, 0x00, 0x00, 0x00, 0x00, 0x00, 0x00, 0x00, 0x00, 0x00, 0x00, 0x03, 0x00, 0x03, 0x80, 0x03, 0x00, 0x01, 0x00, 0x03, 0x00, 0x0F, 0x00, 0x0E, 0x00, 0x1C, 0x60, 0x1C, 0x60, 0x0F, 0xE0, 0x07, 0xC0, 0x00, 0x00, 0x00, 0x00, // [28] U+00BF INVERTED QUESTION MARK
  0x0E, 0x00, 0x03, 0x00, 0x01, 0x80, 0x00, 0x00, 0x1F, 0x80, 0x1F, 0x80, 0x07, 0xC0, 0x06, 0xC0, 0x0E, 0xE0, 0x0F, 0xE0, 0x1F, 0xE0, 0x18, 0x70, 0x3C, 0xF8, 0x3C, 0xF8, 0x00, 0x00, 0x00, 0x00, 0x00, 0x00, 0x00, 0x00, 0x00, 0x00, 0x00, 0x00, // [29] U+00C0 LATIN CAPITAL LETTER A WITH GRAVE
  0x01, 0xC0, 0x03, 0x80, 0x03, 0x00, 0x00, 0x00, 0x1F, 0x80, 0x1F, 0x80, 0x07, 0xC0, 0x06, 0xC0, 0x0E, 0xE0, 0x0F, 0xE0, 0x1F, 0xE0, 0x18, 0x70, 0x3C, 0xF8, 0x3C, 0xF8, 0x00, 0x00, 0x00, 0x00, 0x00, 0x00, 0x00, 0x00, 0x00, 0x00, 0x00, 0x00, // [30] U+00C1 LATIN CAPITAL LETTER A WITH ACUTE
  0x03, 0x80, 0x0F, 0xC0, 0x0C, 0x40, 0x00, 0x00, 0x1F, 0x80, 0x1F, 0x80, 0x07, 0xC0, 0x06, 0xC0, 0x0E, 0xE0, 0x0F, 0xE0, 0x1F, 0xE0, 0x18, 0x70, 0x3C, 0xF8, 0x3C, 0xF8, 0x00, 0x00, 0x00, 0x00, 0x00, 0x00, 0x00, 0x00, 0x00, 0x00, 0x00, 0x00, // [31] U+00C2 LATIN CAPITAL LETTER A WITH CIRCUMFLEX
  0x06, 0x40, 0x0F, 0xC0, 0x08, 0x80, 0x00, 0x00, 0x1F, 0x80, 0x1F, 0x80, 0x07, 0xC0, 0x06, 0xC0, 0x0E, 0xE0, 0x0F, 0xE0, 0x1F, 0xE0, 0x18, 0x70, 0x3C, 0xF8, 0x3C, 0xF8, 0x00, 0x00, 0x00, 0x00, 0x00, 0x00, 0x00, 0x00, 0x00, 0x00, 0x00, 0x00, // [32] U+00C3 LATIN CAPITAL LETTER A WITH TILDE
  0x0C, 0xC0, 0x0C, 0xC0, 0x00, 0x00, 0x00, 0x00, 0x1F, 0x80, 0x1F, 0x80, 0x07, 0xC0, 0x06, 0xC0, 0x0E, 0xE0, 0x0F, 0xE0, 0x1F, 0xE0, 0x18, 0x70, 0x3C, 0xF8, 0x3C, 0xF8, 0x00, 0x00, 0x00, 0x00, 0x00, 0x00, 0x00, 0x00, 0x00, 0x00, 0x00, 0x00, // [33] U+00C4 LATIN CAPITAL LETTER A WITH DIAERESIS
  0x04, 0x80, 0x04, 0x80, 0x07, 0x80, 0x00, 0x00, 0x1F, 0x80, 0x1F, 0x80, 0x07, 0xC0, 0x06, 0xC0, 0x0E, 0xE0, 0x0F, 0xE0, 0x1F, 0xE0, 0x18, 0x70, 0x3C, 0xF8, 0x3C, 0xF8, 0x00, 0x00, 0x00, 0x00, 0x00, 0x00, 0x00, 0x00, 0x00, 0x00, 0x00, 0x00, // [34] U+00C5 LATIN CAPITAL LETTER A WITH RING ABOVE
  0x00, 0x00, 0x00, 0x00, 0x00, 0x00, 0x00, 0x00, 0x0F, 0xF8, 0x0F, 0xF8, 0x07, 0x98, 0x0F, 0xF8, 0x0D, 0xE0, 0x0F, 0xE0, 0x1F, 0xE0, 0x1B, 0x98, 0x3F, 0xF8, 0x3F, 0xF8, 0x00, 0x00, 0x00, 0x00, 0x00, 0x00, 0x00, 0x00, 0x00, 0x00, 0x00, 0x00, // [35] U+00C6 LATIN CAPITAL LETTER AE
  0x00, 0x00, 0x00, 0x00, 0x00, 0x00, 0x00, 0x00, 0x0F, 0xF0, 0x1F, 0xF0, 0x18, 0x30, 0x18, 0x30, 0x38, 0x00, 0x38, 0x00, 0x38, 0x00, 0x18, 0x30, 0x1F, 0xF0, 0x07, 0xE0, 0x01, 0x80, 0x01, 0x80, 0x07, 0xC0, 0x03, 0x80, 0x00, 0x00, 0x00, 0x00, // [36] U+00C7 LATIN CAPITAL LETTER C WITH CEDILLA
  0x06, 0x00, 0x03, 0x00, 0x01, 0x80, 0x00, 0x00, 0x3F, 0xF0, 0x3F, 0xF0, 0x1C, 0x70, 0x1D, 0xA0, 0x1F, 0x80, 0x1F, 0x80, 0x1D, 0xB0, 0x1C, 0x30, 0x3F, 0xF0, 0x3F, 0xF0, 0x00, 0x00, 0x00, 0x00, 0x00, 0x00, 0x00, 0x00, 0x00, 0x00, 0x00, 0x00, // [37] U+00C8 LATIN CAPITAL LETTER E WITH GRAVE
  0x00, 0xC0, 0x03, 0x80, 0x03, 0x00, 0x00, 0x00, 0x3F, 0xF0, 0x3F, 0xF0, 0x1C, 0x70, 0x1D, 0xA0, 0x1F, 0x80, 0x1F, 0x80, 0x1D, 0xB0, 0x1C, 0x30, 0x3F, 0xF0, 0x3F, 0xF0, 0x00, 0x00, 0x00, 0x00, 0x00, 0x00, 0x00, 0x00, 0x00, 0x00, 0x00, 0x00, // [38] U+00C9 LATIN CAPITAL LETTER E WITH ACUTE
  0x03, 0x80, 0x07, 0xC0, 0x0C, 0x60, 0x00, 0x00, 0x3F, 0xF0, 0x3F, 0xF0, 0x1C, 0x70, 0x1D, 0xA0, 0x1F, 0x80, 0x1F, 0x80, 0x1D, 0xB0, 0x1C, 0x30, 0x3F, 0xF0, 0x3F, 0xF0, 0x00, 0x00, 0x00, 0x00, 0x00, 0x00, 0x00, 0x00, 0x00, 0x00, 0x00, 0x00, // [39] U+00CA LATIN CAPITAL LETTER E WITH CIRCUMFLEX
  0x0C, 0xC0, 0x0E, 0xC0, 0x00, 0x00, 0x00, 0x00, 0x3F, 0xF0, 0x3F, 0xF0, 0x1C, 0x70, 0x1D, 0xA0, 0x1F, 0x80, 0x1F, 0x80, 0x1D, 0xB0, 0x1C, 0x30, 0x3F, 0xF0, 0x3F, 0xF0, 0x00, 0x00, 0x00, 0x00, 0x00, 0x00, 0x00, 0x00, 0x00, 0x00, 0x00, 0x00, // [40] U+00CB LATIN CAPITAL LETTER E WITH DIAERESIS
  0x06, 0x00, 0x03, 0x00, 0x01, 0x80, 0x00, 0x00, 0x1F, 0xE0, 0x0F, 0xE0, 0x03, 0x80, 0x03, 0x80, 0x03, 0x80, 0x03, 0x80, 0x03, 0x80, 0x03, 0x80, 0x0F, 0xE0, 0x1F, 0xE0, 0x00, 0x00, 0x00, 0x00, 0x00, 0x00, 0x00, 0x00, 0x00, 0x00, 0x00, 0x00, // [41] U+00CC LATIN CAPITAL LETTER I WITH GRAVE
  0x00, 0xE0, 0x01, 0xC0, 0x03, 0x00, 0x00, 0x00, 0x1F, 0xE0, 0x0F, 0xE0, 0x03, 0x80, 0x03, 0x80, 0x03, 0x80, 0x03, 0x80, 0x03, 0x80, 0x03, 0x80, 0x0F, 0xE0, 0x1F, 0xE0, 0x00, 0x00, 0x00, 0x00, 0x00, 0x00, 0x00, 0x00, 0x00, 0x00, 0x00, 0x00, // [42] U+00CD LATIN CAPITAL LETTER I WITH ACUTE
  0x03, 0x80, 0x07, 0xC0, 0x0C, 0x60, 0x00, 0x00, 0x1F, 0xE0, 0x0F, 0xE0, 0x03, 0x80, 0x03, 0x80, 0x03, 0x80, 0x03, 0x80, 0x03, 0x80, 0x03, 0x80, 0x0F, 0xE0, 0x1F, 0xE0, 0x00, 0x00, 0x00, 0x00, 0x00, 0x00, 0x00, 0x00, 0x00, 0x00, 0x00, 0x00, // [43] U+00CE LATIN CAPITAL LETTER I WITH CIRCUMFLEX
  0x06, 0xC0, 0x0E, 0xC0, 0x00, 0x00, 0x00, 0x00, 0x1F, 0xE0, 0x0F, 0xE0, 0x03, 0x80, 0x03, 0x80, 0x03, 0x80, 0x03, 0x80, 0x03, 0x80, 0x03, 0x80, 0x0F, 0xE0, 0x1F, 0xE0, 0x00, 0x00, 0x00, 0x00, 0x00, 0x00, 0x00, 0x00, 0x00, 0x00, 0x00, 0x00, // [44] U+00CF LATIN CAPITAL LETTER I WITH DIAERESIS
  0x00, 0x00, 0x00, 0x00, 0x00, 0x00, 0x00, 0x00, 0x3F, 0xC0, 0x3F, 0xE0, 0x18, 0x70, 0x18, 0x30, 0x3F, 0x30, 0x3F, 0x30, 0x18, 0x30, 0x18, 0x70, 0x3F, 0xE0, 0x3F, 0xC0, 0x00, 0x00, 0x00, 0x00, 0x00, 0x00, 0x00, 0x00, 0x00, 0x00, 0x00, 0x00, // [45] U+00D0 LATIN CAPITAL LETTER ETH
  0x06, 0x60, 0x0F, 0xE0, 0x08, 0x80, 0x00, 0x00, 0x3C, 0xF8, 0x3C, 0xF0, 0x1E, 0x30, 0x1F, 0x30, 0x1B, 0x30, 0x1B, 0xF0, 0x19, 0xF0, 0x18, 0xF0, 0x3E, 0x70, 0x3E, 0x70, 0x00, 0x00, 0x00, 0x00, 0x00, 0x00, 0x00, 0x00, 0x00, 0x00, 0x00, 0x00, // [46] U+00D1 LATIN CAPITAL LETTER N WITH TILDE
  0x06, 0x00, 0x03, 0x00, 0x01, 0x80, 0x00, 0x00, 0x0F, 0xC0, 0x1F, 0xE0, 0x18, 0x70, 0x38, 0x30, 0x30, 0x38, 0x30, 0x38, 0x38, 0x30, 0x18, 0x70, 0x1F, 0xE0, 0x07, 0xC0, 0x00, 0x00, 0x00, 0x00, 0x00, 0x00, 0x00, 0x00, 0x00, 0x00, 0x00, 0x00, // [47] U+00D2 LATIN CAPITAL LETTER O WITH GRAVE
  0x00, 0xC0, 0x03, 0x80, 0x03, 0x00, 0x00, 0x00, 0x0F, 0xC0, 0x1F, 0xE0, 0x18, 0x70, 0x38, 0x30, 0x30, 0x38, 0x30, 0x38, 0x38, 0x30, 0x18, 0x70, 0x1F, 0xE0, 0x07, 0xC0, 0x00, 0x00, 0x00, 0x00, 0x00, 0x00, 0x00, 0x00, 0x00, 0x00, 0x00, 0x00, // [48] U+00D3 LATIN CAPITAL LETTER O WITH ACUTE
  0x03, 0x80, 0x07, 0xC0, 0x0C, 0x60, 0x00, 0x00, 0x0F, 0xC0, 0x1F, 0xE0, 0x18, 0x70, 0x38, 0x30, 0x30, 0x38, 0x30, 0x38, 0x38, 0x30, 0x18, 0x70, 0x1F, 0xE0, 0x07, 0xC0, 0x00, 0x00, 0x00, 0x00, 0x00, 0x00, 0x00, 0x00, 0x00, 0x00, 0x00, 0x00, // [49] U+00D4 LATIN CAPITAL LETTER O WITH CIRCUMFLEX
  0x07, 0x20, 0x0F, 0xE0, 0x08, 0xC0, 0x00, 0x00, 0x0F, 0xC0, 0x1F, 0xE0, 0x18, 0x70, 0x38, 0x30, 0x30, 0x38, 0x30, 0x38, 0x38, 0x30, 0x18, 0x70, 0x1F, 0xE0, 0x07, 0xC0, 0x00, 0x00, 0x00, 0x00, 0x00, 0x00, 0x00, 0x00, 0x00, 0x00, 0x00, 0x00, // [50] U+00D5 LATIN CAPITAL LETTER O WITH TILDE
  0x04, 0xC0, 0x0E, 0xE0, 0x04, 0x40, 0x00, 0x00, 0x0F, 0xC0, 0x1F, 0xE0, 0x18, 0x70, 0x38, 0x30, 0x30, 0x38, 0x30, 0x38, 0x38, 0x30, 0x18, 0x70, 0x1F, 0xE0, 0x07, 0xC0, 0x00, 0x00, 0x00, 0x00, 0x00, 0x00, 0x00, 0x00, 0x00, 0x00, 0x00, 0x00, // [51] U+00D6 LATIN CAPITAL LETTER O WITH DIAERESIS
  0x00, 0x00, 0x00, 0x00, 0x00, 0x00, 0x00, 0x00, 0x00, 0x00, 0x00, 0x00, 0x0C, 0x60, 0x0F, 0xE0, 0x07, 0xC0, 0x07, 0x80, 0x0F, 0xC0, 0x0C, 0xE0, 0x08, 0x60, 0x00, 0x00, 0x00, 0x00, 0x00, 0x00, 0x00, 0x00, 0x00, 0x00, 0x00, 0x00, 0x00, 0x00, // [52] U+00D7 MULTIPLICATION SIGN
  0x00, 0x00, 0x00, 0x00, 0x00, 0x00, 0x00, 0x18, 0x0F, 0xF8, 0x1F, 0xF0, 0x18, 0xF0, 0x39, 0xF0, 0x31, 0xB8, 0x33, 0x38, 0x3F, 0x30, 0x1E, 0x70, 0x1F, 0xE0, 0x3F, 0xC0, 0x30, 0x00, 0x00, 0x00, 0x00, 0x00, 0x00, 0x00, 0x00, 0x00, 0x00, 0x00, // [53] U+00D8 LATIN CAPITAL LETTER O WITH STROKE
  0x06, 0x00, 0x03, 0x00, 0x01, 0x80, 0x00, 0x00, 0x3E, 0xF8, 0x3E, 0xF0, 0x18, 0x70, 0x18, 0x70, 0x18, 0x70, 0x18, 0x70, 0x18, 0x70, 0x1C, 0x70, 0x0F, 0xE0, 0x07, 0xC0, 0x00, 0x00, 0x00, 0x00, 0x00, 0x00, 0x00, 0x00, 0x00, 0x00, 0x00, 0x00, // [54] U+00D9 LATIN CAPITAL LETTER U WITH GRAVE
  0x00, 0xC0, 0x03, 0x80, 0x03, 0x00, 0x00, 0x00, 0x3E, 0xF8, 0x3E, 0xF0, 0x18, 0x70, 0x18, 0x70, 0x18, 0x70, 0x18, 0x70, 0x18, 0x70, 0x1C, 0x70, 0x0F, 0xE0, 0x07, 0xC0, 0x00, 0x00, 0x00, 0x00, 0x00, 0x00, 0x00, 0x00, 0x00, 0x00, 0x00, 0x00, // [55] U+00DA LATIN CAPITAL LETTER U WITH ACUTE
  0x03, 0x80, 0x07, 0xC0, 0x0C, 0x60, 0x00, 0x00, 0x3E, 0xF8, 0x3E, 0xF0, 0x18, 0x70, 0x18, 0x70, 0x18, 0x70, 0x18, 0x70, 0x18, 0x70, 0x1C, 0x70, 0x0F, 0xE0, 0x07, 0xC0, 0x00, 0x00, 0x00, 0x00, 0x00, 0x00, 0x00, 0x00, 0x00, 0x00, 0x00, 0x00, // [56] U+00DB LATIN CAPITAL LETTER U WITH CIRCUMFLEX
  0x04, 0xC0, 0x0E, 0xE0, 0x04, 0x40, 0x00, 0x00, 0x3E, 0xF8, 0x3E, 0xF0, 0x18, 0x70, 0x18, 0x70, 0x18, 0x70, 0x18, 0x70, 0x18, 0x70, 0x1C, 0x70, 0x0F, 0xE0, 0x07, 0xC0, 0x00, 0x00, 0x00, 0x00, 0x00, 0x00, 0x00, 0x00, 0x00, 0x00, 0x00, 0x00, // [57] U+00DC LATIN CAPITAL LETTER U WITH DIAERESIS
  0x00, 0xC0, 0x03, 0x80, 0x03, 0x00, 0x00, 0x00, 0x3C, 0xF8, 0x1C, 0xF0, 0x0E, 0xE0, 0x07, 0xC0, 0x07, 0x80, 0x03, 0x80, 0x03, 0x80, 0x03, 0x80, 0x0F, 0xE0, 0x0F, 0xE0, 0x00, 0x00, 0x00, 0x00, 0x00, 0x00, 0x00, 0x00, 0x00, 0x00, 0x00, 0x00, // [58] U+00DD LATIN CAPITAL LETTER Y WITH ACUTE
  0x00, 0x00, 0x00, 0x00, 0x00, 0x00, 0x00, 0x00, 0x3F, 0x80, 0x3F, 0x00, 0x1F, 0xC0, 0x1F, 0xE0, 0x1C, 0x70, 0x1C, 0x70, 0x1F, 0xE0, 0x1F, 0x80, 0x3F, 0x00, 0x3F, 0x80, 0x00, 0x00, 0x00, 0x00, 0x00, 0x00, 0x00, 0x00, 0x00, 0x00, 0x00, 0x00, // [59] U+00DE LATIN CAPITAL LETTER THORN
  0x00, 0x00, 0x00, 0x00, 0x00, 0x00, 0x07, 0x00, 0x0F, 0xC0, 0x0C, 0xC0, 0x1C, 0xC0, 0x3F, 0xC0, 0x3F, 0xE0, 0x1C, 0x60, 0x1C, 0x70, 0x1D, 0x70, 0x3F, 0xE0, 0x3D, 0xE0, 0x00, 0x00, 0x00, 0x00, 0x00, 0x00, 0x00, 0x00, 0x00, 0x00, 0x00, 0x00, // [60] U+00DF LATIN SMALL LETTER SHARP S
  0x00, 0x00, 0x00, 0x00, 0x0C, 0x00, 0x06, 0x00, 0x03, 0x80, 0x01, 0x00, 0x0F, 0xC0, 0x1F, 0xE0, 0x08, 0x60, 0x0F, 0xE0, 0x1F, 0xE0, 0x18, 0x60, 0x1F, 0xF0, 0x1F, 0xF0, 0x00, 0x00, 0x00, 0x00, 0x00, 0x00, 0x00, 0x00, 0x00, 0x00, 0x00, 0x00, // [61] U+00E0 LATIN SMALL LETTER A WITH GRAVE
  0x00, 0x00, 0x00, 0x00, 0x00, 0xC0, 0x01, 0xC0, 0x03, 0x00, 0x02, 0x00, 0x0F, 0xC0, 0x1F, 0xE0, 0x08, 0x60, 0x0F, 0xE0, 0x1F, 0xE0, 0x18, 0x60, 0x1F, 0xF0, 0x1F, 0xF0, 0x00, 0x00, 0x00, 0x00, 0x00, 0x00, 0x00, 0x00, 0x00, 0x00, 0x00, 0x00, // [62] U+00E1 LATIN SMALL LETTER A WITH ACUTE
  0x00, 0x00, 0x00, 0x00, 0x03, 0x00, 0x07, 0x80, 0x0C, 0xC0, 0x08, 0x40, 0x0F, 0xC0, 0x1F, 0xE0, 0x08, 0x60, 0x0F, 0xE0, 0x1F, 0xE0, 0x18, 0x60, 0x1F, 0xF0, 0x1F, 0xF0, 0x00, 0x00, 0x00, 0x00, 0x00, 0x00, 0x00, 0x00, 0x00, 0x00, 0x00, 0x00, // [63] U+00E2 LATIN SMALL LETTER A WITH CIRCUMFLEX
  0x00, 0x00, 0x00, 0x00, 0x00, 0x00, 0x0F, 0xE0, 0x09, 0xC0, 0x00, 0x00, 0x0F, 0xC0, 0x1F, 0xE0, 0x08, 0x60, 0x0F, 0xE0, 0x1F, 0xE0, 0x18, 0x60, 0x1F, 0xF0, 0x1F, 0xF0, 0x00, 0x00, 0x00, 0x00, 0x00, 0x00, 0x00, 0x00, 0x00, 0x00, 0x00, 0x00, // [64] U+00E3 LATIN SMALL LETTER A WITH TILDE
  0x00, 0x00, 0x00, 0x00, 0x04, 0x00, 0x0E, 0xC0, 0x04, 0xC0, 0x00, 0x00, 0x0F, 0xC0, 0x1F, 0xE0, 0x08, 0x60, 0x0F, 0xE0, 0x1F, 0xE0, 0x18, 0x60, 0x1F, 0xF0, 0x1F, 0xF0, 0x00, 0x00, 0x00, 0x00, 0x00, 0x00, 0x00, 0x00, 0x00, 0x00, 0x00, 0x00, // [65] U+00E4 LATIN SMALL LETTER A WITH DIAERESIS
  0x00, 0x00, 0x03, 0x00, 0x07, 0x80, 0x04, 0xC0, 0x07, 0x80, 0x03, 0x00, 0x0F, 0xC0, 0x1F, 0xE0, 0x08, 0x60, 0x0F, 0xE0, 0x1F, 0xE0, 0x18, 0x60, 0x1F, 0xF0, 0x1F, 0xF0, 0x00, 0x00, 0x00, 0x00, 0x00, 0x00, 0x00, 0x00, 0x00, 0x00, 0x00, 0x00, // [66] U+00E5 LATIN SMALL LETTER A WITH RING ABOVE
  0x00, 0x00, 0x00, 0x00, 0x00, 0x00, 0x00, 0x00, 0x00, 0x00, 0x00, 0x00, 0x1E, 0xE0, 0x1F, 0xF0, 0x13, 0xB8, 0x1F, 0xF8, 0x3F, 0xF8, 0x33, 0x80, 0x3F, 0xF8, 0x3F, 0xF8, 0x00, 0x00, 0x00, 0x00, 0x00, 0x00, 0x00, 0x00, 0x00, 0x00, 0x00, 0x00, // [67] U+00E6 LATIN SMALL LETTER AE
  0x00, 0x00, 0x00, 0x00, 0x00, 0x00, 0x00, 0x00, 0x00, 0x00, 0x00, 0x00, 0x07, 0xF0, 0x0F, 0xF0, 0x1C, 0x70, 0x18, 0x30, 0x18, 0x00, 0x18, 0x10, 0x1F, 0xF0, 0x0F, 0xF0, 0x03, 0x80, 0x01, 0xC0, 0x07, 0xC0, 0x03, 0x80, 0x00, 0x00, 0x00, 0x00, // [68] U+00E7 LATIN SMALL LETTER C WITH CEDILLA
  0x00, 0x00, 0x00, 0x00, 0x06, 0x00, 0x07, 0x00, 0x03, 0x80, 0x00, 0x00, 0x07, 0xC0, 0x0F, 0xE0, 0x1C, 0x70, 0x3F, 0xF0, 0x3F, 0xF0, 0x18, 0x00, 0x1F, 0xF0, 0x0F, 0xF0, 0x00, 0x00, 0x00, 0x00, 0x00, 0x00, 0x00, 0x00, 0x00, 0x00, 0x00, 0x00, // [69] U+00E8 LATIN SMALL LETTER E WITH GRAVE
  0x00, 0x00, 0x00, 0x00, 0x00, 0xC0, 0x01, 0xC0, 0x03, 0x00, 0x00, 0x00, 0x07, 0xC0, 0x0F, 0xE0, 0x1C, 0x70, 0x3F, 0xF0, 0x3F, 0xF0, 0x18, 0x00, 0x1F, 0xF0, 0x0F, 0xF0, 0x00, 0x00, 0x00, 0x00, 0x00, 0x00, 0x00, 0x00, 0x00, 0x00, 0x00, 0x00, // [70] U+00E9 LATIN SMALL LETTER E WITH ACUTE
  0x00, 0x00, 0x00, 0x00, 0x01, 0x00, 0x07, 0xC0, 0x0E, 0xE0, 0x00, 0x00, 0x07, 0xC0, 0x0F, 0xE0, 0x1C, 0x70, 0x3F, 0xF0, 0x3F, 0xF0, 0x18, 0x00, 0x1F, 0xF0, 0x0F, 0xF0, 0x00, 0x00, 0x00, 0x00, 0x00, 0x00, 0x00, 0x00, 0x00, 0x00, 0x00, 0x00, // [71] U+00EA LATIN SMALL LETTER E WITH CIRCUMFLEX
  0x00, 0x00, 0x00, 0x00, 0x04, 0x40, 0x0E, 0xE0, 0x04, 0x40, 0x00, 0x00, 0x07, 0xC0, 0x0F, 0xE0, 0x1C, 0x70, 0x3F, 0xF0, 0x3F, 0xF0, 0x18, 0x00, 0x1F, 0xF0, 0x0F, 0xF0, 0x00, 0x00, 0x00, 0x00, 0x00, 0x00, 0x00, 0x00, 0x00, 0x00, 0x00, 0x00, // [72] U+00EB LATIN SMALL LETTER E WITH DIAERESIS
  0x00, 0x00, 0x00, 0x00, 0x0C, 0x00, 0x07, 0x00, 0x03, 0x80, 0x01, 0x00, 0x0F, 0x00, 0x0F, 0x80, 0x03, 0x80, 0x03, 0x80, 0x03, 0x80, 0x03, 0x80, 0x1F, 0xF0, 0x1F, 0xF0, 0x00, 0x00, 0x00, 0x00, 0x00, 0x00, 0x00, 0x00, 0x00, 0x00, 0x00, 0x00, // [73] U+00EC LATIN SMALL LETTER I WITH GRAVE
  0x00, 0x00, 0x00, 0x00, 0x00, 0xC0, 0x01, 0x80, 0x03, 0x00, 0x02, 0x00, 0x0F, 0x00, 0x0F, 0x80, 0x03, 0x80, 0x03, 0x80, 0x03, 0x80, 0x03, 0x80, 0x1F, 0xF0, 0x1F, 0xF0, 0x00, 0x00, 0x00, 0x00, 0x00, 0x00, 0x00, 0x00, 0x00, 0x00, 0x00, 0x00, // [74] U+00ED LATIN SMALL LETTER I WITH ACUTE
  0x00, 0x00, 0x00, 0x00, 0x03, 0x00, 0x07, 0x80, 0x0C, 0xC0, 0x08, 0x40, 0x0F, 0x00, 0x0F, 0x80, 0x03, 0x80, 0x03, 0x80, 0x03, 0x80, 0x03, 0x80, 0x1F, 0xF0, 0x1F, 0xF0, 0x00, 0x00, 0x00, 0x00, 0x00, 0x00, 0x00, 0x00, 0x00, 0x00, 0x00, 0x00, // [75] U+00EE LATIN SMALL LETTER I WITH CIRCUMFLEX
  0x00, 0x00, 0x00, 0x00, 0x04, 0x00, 0x0C, 0xC0, 0x0C, 0xC0, 0x00, 0x00, 0x0F, 0x00, 0x0F, 0x80, 0x03, 0x80, 0x03, 0x80, 0x03, 0x80, 0x03, 0x80, 0x1F, 0xF0, 0x1F, 0xF0, 0x00, 0x00, 0x00, 0x00, 0x00, 0x00, 0x00, 0x00, 0x00, 0x00, 0x00, 0x00, // [76] U+00EF LATIN SMALL LETTER I WITH DIAERESIS
  0x00, 0x00, 0x00, 0x00, 0x00, 0x00, 0x0F, 0xC0, 0x07, 0x80, 0x0E, 0xC0, 0x07, 0xE0, 0x0F, 0xF0, 0x1C, 0x70, 0x18, 0x30, 0x18, 0x30, 0x18, 0x70, 0x1F, 0xE0, 0x0F, 0xC0, 0x00, 0x00, 0x00, 0x00, 0x00, 0x00, 0x00, 0x00, 0x00, 0x00, 0x00, 0x00, // [77] U+00F0 LATIN SMALL LETTER ETH
  0x00, 0x00, 0x00, 0x00, 0x00, 0x00, 0x0F, 0xE0, 0x09, 0xC0, 0x00, 0x00, 0x1F, 0xC0, 0x3F, 0xE0, 0x1E, 0x60, 0x1C, 0x60, 0x1C, 0x60, 0x1C, 0x60, 0x3E, 0xF0, 0x3E, 0xF0, 0x00, 0x00, 0x00, 0x00, 0x00, 0x00, 0x00, 0x00, 0x00, 0x00, 0x00, 0x00, // [78] U+00F1 LATIN SMALL LETTER N WITH TILDE
  0x00, 0x00, 0x00, 0x00, 0x06, 0x00, 0x07, 0x00, 0x03, 0x80, 0x00, 0x00, 0x07, 0xC0, 0x0F, 0xE0, 0x1C, 0x70, 0x18, 0x30, 0x18, 0x30, 0x18, 0x70, 0x1F, 0xE0, 0x0F, 0xC0, 0x00, 0x00, 0x00, 0x00, 0x00, 0x00, 0x00, 0x00, 0x00, 0x00, 0x00, 0x00, // [79] U+00F2 LATIN SMALL LETTER O WITH GRAVE
  0x00, 0x00, 0x00, 0x00, 0x00, 0xC0, 0x01, 0xC0, 0x03, 0x00, 0x00, 0x00, 0x07, 0xC0, 0x0F, 0xE0, 0x1C, 0x70, 0x18, 0x30, 0x18, 0x30, 0x18, 0x70, 0x1F, 0xE0, 0x0F, 0xC0, 0x00, 0x00, 0x00, 0x00, 0x00, 0x00, 0x00, 0x00, 0x00, 0x00, 0x00, 0x00, // [80] U+00F3 LATIN SMALL LETTER O WITH ACUTE
  0x00, 0x00, 0x00, 0x00, 0x03, 0x00, 0x07, 0xC0, 0x0E, 0xE0, 0x00, 0x00, 0x07, 0xC0, 0x0F, 0xE0, 0x1C, 0x70, 0x18, 0x30, 0x18, 0x30, 0x18, 0x70, 0x1F, 0xE0, 0x0F, 0xC0, 0x00, 0x00, 0x00, 0x00, 0x00, 0x00, 0x00, 0x00, 0x00, 0x00, 0x00, 0x00, // [81] U+00F4 LATIN SMALL LETTER O WITH CIRCUMFLEX
  0x00, 0x00, 0x00, 0x00, 0x00, 0x00, 0x0F, 0xE0, 0x0D, 0xC0, 0x00, 0x00, 0x07, 0xC0, 0x0F, 0xE0, 0x1C, 0x70, 0x18, 0x30, 0x18, 0x30, 0x18, 0x70, 0x1F, 0xE0, 0x0F, 0xC0, 0x00, 0x00, 0x00, 0x00, 0x00, 0x00, 0x00, 0x00, 0x00, 0x00, 0x00, 0x00, // [82] U+00F5 LATIN SMALL LETTER O WITH TILDE
  0x00, 0x00, 0x00, 0x00, 0x04, 0x40, 0x0E, 0xE0, 0x04, 0xC0, 0x00, 0x00, 0x07, 0xC0, 0x0F, 0xE0, 0x1C, 0x70, 0x18, 0x30, 0x18, 0x30, 0x18, 0x70, 0x1F, 0xE0, 0x0F, 0xC0, 0x00, 0x00, 0x00, 0x00, 0x00, 0x00, 0x00, 0x00, 0x00, 0x00, 0x00, 0x00, // [83] U+00F6 LATIN SMALL LETTER O WITH DIAERESIS
  0x00, 0x00, 0x00, 0x00, 0x00, 0x00, 0x00, 0x00, 0x00, 0x00, 0x03, 0x80, 0x03, 0x80, 0x00, 0x00, 0x1F, 0xF0, 0x1F, 0xF0, 0x00, 0x00, 0x03, 0x80, 0x03, 0x80, 0x01, 0x00, 0x00, 0x00, 0x00, 0x00, 0x00, 0x00, 0x00, 0x00, 0x00, 0x00, 0x00, 0x00, // [84] U+00F7 DIVISION SIGN
  0x00, 0x00, 0x00, 0x00, 0x00, 0x00, 0x00, 0x00, 0x00, 0x00, 0x00, 0x10, 0x07, 0xF0, 0x0F, 0xF0, 0x1C, 0xF0, 0x19, 0xF0, 0x1B, 0xB0, 0x1F, 0x70, 0x1F, 0xE0, 0x1F, 0xC0, 0x38, 0x00, 0x00, 0x00, 0x00, 0x00, 0x00, 0x00, 0x00, 0x00, 0x00, 0x00, // [85] U+00F8 LATIN SMALL LETTER O WITH STROKE
  0x00, 0x00, 0x00, 0x00, 0x0C, 0x00, 0x07, 0x00, 0x03, 0x80, 0x00, 0x00, 0x1C, 0xE0, 0x3D, 0xE0, 0x1C, 0x60, 0x1C, 0x60, 0x1C, 0x60, 0x0C, 0x60, 0x0F, 0xF0, 0x0F, 0xF0, 0x00, 0x00, 0x00, 0x00, 0x00, 0x00, 0x00, 0x00, 0x00, 0x00, 0x00, 0x00, // [86] U+00F9 LATIN SMALL LETTER U WITH GRAVE
  0x00, 0x00, 0x00, 0x00, 0x00, 0xC0, 0x01, 0x80, 0x03, 0x00, 0x02, 0x00, 0x1C, 0xE0, 0x3D, 0xE0, 0x1C, 0x60, 0x1C, 0x60, 0x1C, 0x60, 0x0C, 0x60, 0x0F, 0xF0, 0x0F, 0xF0, 0x00, 0x00, 0x00, 0x00, 0x00, 0x00, 0x00, 0x00, 0x00, 0x00, 0x00, 0x00, // [87] U+00FA LATIN SMALL LETTER U WITH ACUTE
  0x00, 0x00, 0x00, 0x00, 0x03, 0x00, 0x07, 0xC0, 0x0C, 0xE0, 0x00, 0x00, 0x1C, 0xE0, 0x3D, 0xE0, 0x1C, 0x60, 0x1C, 0x60, 0x1C, 0x60, 0x0C, 0x60, 0x0F, 0xF0, 0x0F, 0xF0, 0x00, 0x00, 0x00, 0x00, 0x00, 0x00, 0x00, 0x00, 0x00, 0x00, 0x00, 0x00, // [88] U+00FB LATIN SMALL LETTER U WITH CIRCUMFLEX
  0x00, 0x00, 0x00, 0x00, 0x00, 0x00, 0x0E, 0xC0, 0x0C, 0xC0, 0x00, 0x00, 0x1C, 0xE0, 0x3D, 0xE0, 0x1C, 0x60, 0x1C, 0x60, 0x1C, 0x60, 0x0C, 0x60, 0x0F, 0xF0, 0x0F, 0xF0, 0x00, 0x00, 0x00, 0x00, 0x00, 0x00, 0x00, 0x00, 0x00, 0x00, 0x00, 0x00, // [89] U+00FC LATIN SMALL LETTER U WITH DIAERESIS
  0x00, 0x00, 0x00, 0x00, 0x00, 0x60, 0x01, 0xC0, 0x03, 0x80, 0x00, 0x00, 0x1C, 0x70, 0x3C, 0xF8, 0x1C, 0x70, 0x0C, 0x60, 0x0E, 0xC0, 0x07, 0xC0, 0x07, 0x80, 0x03, 0x80, 0x03, 0x00, 0x0F, 0x00, 0x3F, 0x80, 0x1F, 0x00, 0x00, 0x00, 0x00, 0x00, // [90] U+00FD LATIN SMALL LETTER Y WITH ACUTE
  0x00, 0x00, 0x00, 0x00, 0x00, 0x00, 0x38, 0x00, 0x38, 0x00, 0x18, 0x00, 0x1F, 0xC0, 0x1F, 0xE0, 0x1C, 0x70, 0x18, 0x30, 0x18, 0x30, 0x1C, 0x70, 0x1F, 0xF0, 0x1F, 0xC0, 0x18, 0x00, 0x1C, 0x00, 0x3F, 0x00, 0x3E, 0x00, 0x00, 0x00, 0x00, 0x00, // [91] U+00FE LATIN SMALL LETTER THORN
  0x00, 0x00, 0x00, 0x00, 0x04, 0x40, 0x0E, 0xE0, 0x04, 0xC0, 0x00, 0x00, 0x1C, 0x70, 0x3C, 0xF8, 0x1C, 0x70, 0x0C, 0x60, 0x0E, 0xC0, 0x07, 0xC0, 0x07, 0x80, 0x03, 0x80, 0x03, 0x00, 0x0F, 0x00, 0x3F, 0x80, 0x1F, 0x00, 0x00, 0x00, 0x00, 0x00, // [92] U+00FF LATIN SMALL LETTER Y WITH DIAERESIS
  0x00, 0x00, 0x00, 0x00, 0x00, 0x00, 0x00, 0x00, 0x0F, 0xF8, 0x1F, 0xF8, 0x39, 0x98, 0x31, 0xF8, 0x71, 0xE0, 0x71, 0xE0, 0x31, 0xE0, 0x39, 0x98, 0x1F, 0xF8, 0x0F, 0xF8, 0x00, 0x00, 0x00, 0x00, 0x00, 0x00, 0x00, 0x00, 0x00, 0x00, 0x00, 0x00, // [93] U+0152 LATIN CAPITAL LIGATURE OE
  0x00, 0x00, 0x00, 0x00, 0x00, 0x00, 0x00, 0x00, 0x00, 0x00, 0x00, 0x00, 0x1E, 0xE0, 0x3F, 0xF0, 0x33, 0xB8, 0x33, 0xF8, 0x33, 0xF8, 0x33, 0x80, 0x3F, 0xF8, 0x1E, 0xF8, 0x00, 0x00, 0x00, 0x00, 0x00, 0x00, 0x00, 0x00, 0x00, 0x00, 0x00, 0x00, // [94] U+0153 LATIN SMALL LIGATURE OE
  0x0E, 0x60, 0x07, 0xC0, 0x01, 0x80, 0x00, 0x00, 0x0F, 0xE0, 0x0F, 0xF0, 0x1C, 0x70, 0x1C, 0x20, 0x0F, 0xC0, 0x07, 0xE0, 0x00, 0x70, 0x18, 0x70, 0x1F, 0xF0, 0x1F, 0xE0, 0x00, 0x00, 0x00, 0x00, 0x00, 0x00, 0x00, 0x00, 0x00, 0x00, 0x00, 0x00, // [95] U+0160 LATIN CAPITAL LETTER S WITH CARON
  0x00, 0x00, 0x00, 0x00, 0x0C, 0x60, 0x07, 0xC0, 0x03, 0x80, 0x00, 0x00, 0x07, 0xE0, 0x0F, 0xE0, 0x1C, 0x60, 0x0F, 0xC0, 0x07, 0xE0, 0x18, 0x70, 0x1F, 0xF0, 0x1F, 0xE0, 0x00, 0x00, 0x00, 0x00, 0x00, 0x00, 0x00, 0x00, 0x00, 0x00, 0x00, 0x00, // [96] U+0161 LATIN SMALL LETTER S WITH CARON
  0x06, 0xC0, 0x0E, 0xC0, 0x00, 0x00, 0x00, 0x00, 0x3E, 0xF8, 0x1C, 0x70, 0x0E, 0xE0, 0x07, 0xC0, 0x07, 0x80, 0x03, 0x80, 0x03, 0x80, 0x03, 0x80, 0x0F, 0xE0, 0x0F, 0xE0, 0x00, 0x00, 0x00, 0x00, 0x00, 0x00, 0x00, 0x00, 0x00, 0x00, 0x00, 0x00, // [97] U+0178 LATIN CAPITAL LETTER Y WITH DIAERESIS
  0x00, 0x00, 0x00, 0x00, 0x00, 0x00, 0x00, 0xF0, 0x01, 0xF0, 0x03, 0x80, 0x03, 0x80, 0x0F, 0xE0, 0x0F, 0xE0, 0x03, 0x80, 0x03, 0x80, 0x03, 0x80, 0x03, 0x80, 0x03, 0x00, 0x1F, 0x00, 0x1E, 0x00, 0x00, 0x00, 0x00, 0x00, 0x00, 0x00, 0x00, 0x00, // [98] U+0192 LATIN SMALL LETTER F WITH HOOK
  0x00, 0x00, 0x00, 0x00, 0x03, 0x00, 0x07, 0xC0, 0x0E, 0xE0, 0x00, 0x00, 0x00, 0x00, 0x00, 0x00, 0x00, 0x00, 0x00, 0x00, 0x00, 0x00, 0x00, 0x00, 0x00, 0x00, 0x00, 0x00, 0x00, 0x00, 0x00, 0x00, 0x00, 0x00, 0x00, 0x00, 0x00, 0x00, 0x00, 0x00, // [99] U+02C6 MODIFIER LETTER CIRCUMFLEX ACCENT
  0x00, 0x00, 0x00, 0x00, 0x00, 0x00, 0x0F, 0xE0, 0x0D, 0xC0, 0x00, 0x00, 0x00, 0x00, 0x00, 0x00, 0x00, 0x00, 0x00, 0x00, 0x00, 0x00, 0x00, 0x00, 0x00, 0x00, 0x00, 0x00, 0x00, 0x00, 0x00, 0x00, 0x00, 0x00, 0x00, 0x00, 0x00, 0x00, 0x00, 0x00, // [100] U+02DC SMALL TILDE
  0x00, 0x00, 0x00, 0x00, 0x00, 0x00, 0x00, 0x00, 0x1F, 0x80, 0x1F, 0x80, 0x07, 0xC0, 0x06, 0xC0, 0x0E, 0xE0, 0x0F, 0xE0, 0x1F, 0xE0, 0x18, 0x70, 0x3C, 0xF8, 0x3C, 0xF8, 0x00, 0x00, 0x00, 0x00, 0x00, 0x00, 0x00, 0x00, 0x00, 0x00, 0x00, 0x00, // [101] U+0391 GREEK CAPITAL LETTER ALPHA
  0x00, 0x00, 0x00, 0x00, 0x00, 0x00, 0x00, 0x00, 0x3F, 0xC0, 0x3F, 0xE0, 0x1C, 0x70, 0x1C, 0x70, 0x1F, 0xE0, 0x1F, 0xF0, 0x1C, 0x30, 0x1C, 0x30, 0x3F, 0xF0, 0x3F, 0xE0, 0x00, 0x00, 0x00, 0x00, 0x00, 0x00, 0x00, 0x00, 0x00, 0x00, 0x00, 0x00, // [102] U+0392 GREEK CAPITAL LETTER BETA
  0x00, 0x00, 0x00, 0x00, 0x00, 0x00, 0x00, 0x00, 0x1F, 0xF0, 0x1F, 0xF0, 0x06, 0x30, 0x06, 0x30, 0x06, 0x10, 0x06, 0x00, 0x06, 0x00, 0x06, 0x00, 0x1F, 0x80, 0x1F, 0x80, 0x00, 0x00, 0x00, 0x00, 0x00, 0x00, 0x00, 0x00, 0x00, 0x00, 0x00, 0x00, // [103] U+0393 GREEK CAPITAL LETTER GAMMA
  0x00, 0x00, 0x00, 0x00, 0x00, 0x00, 0x00, 0x00, 0x03, 0x80, 0x03, 0x80, 0x07, 0xC0, 0x06, 0xC0, 0x0E, 0xE0, 0x0C, 0x60, 0x1C, 0x60, 0x18, 0x70, 0x1F, 0xF0, 0x3F, 0xF8, 0x00, 0x00, 0x00, 0x00, 0x00, 0x00, 0x00, 0x00, 0x00, 0x00, 0x00, 0x00, // [104] U+0394 GREEK CAPITAL LETTER DELTA
  0x00, 0x00, 0x00, 0x00, 0x00, 0x00, 0x00, 0x00, 0x3F, 0xF0, 0x3F, 0xF0, 0x1C, 0x70, 0x1D, 0xA0, 0x1F, 0x80, 0x1F, 0x80, 0x1D, 0xB0, 0x1C, 0x30, 0x3F, 0xF0, 0x3F, 0xF0, 0x00, 0x00, 0x00, 0x00, 0x00, 0x00, 0x00, 0x00, 0x00, 0x00, 0x00, 0x00, // [105] U+0395 GREEK CAPITAL LETTER EPSILON
  0x00, 0x00, 0x00, 0x00, 0x00, 0x00, 0x00, 0x00, 0x0F, 0xE0, 0x0F, 0xE0, 0x0C, 0xE0, 0x0D, 0xC0, 0x03, 0x80, 0x07, 0x00, 0x0E, 0x30, 0x0C, 0x70, 0x1F, 0xF0, 0x1F, 0xF0, 0x00, 0x00, 0x00, 0x00, 0x00, 0x00, 0x00, 0x00, 0x00, 0x00, 0x00, 0x00, // [106] U+0396 GREEK CAPITAL LETTER ZETA
  0x00, 0x00, 0x00, 0x00, 0x00, 0x00, 0x00, 0x00, 0x1E, 0xF0, 0x1E, 0xF0, 0x1C, 0x60, 0x1C, 0x60, 0x1F, 0xE0, 0x1F, 0xE0, 0x1C, 0x60, 0x1C, 0x60, 0x3E, 0xF0, 0x3E, 0xF0, 0x00, 0x00, 0x00, 0x00, 0x00, 0x00, 0x00, 0x00, 0x00, 0x00, 0x00, 0x00, // [107] U+0397 GREEK CAPITAL LETTER ETA
  0x00, 0x00, 0x00, 0x00, 0x00, 0x00, 0x00, 0x00, 0x0F, 0xC0, 0x1F, 0xE0, 0x18, 0x70, 0x3C, 0x30, 0x3F, 0xF8, 0x3F, 0xF8, 0x3C, 0x70, 0x18, 0x70, 0x1F, 0xE0, 0x07, 0xC0, 0x00, 0x00, 0x00, 0x00, 0x00, 0x00, 0x00, 0x00, 0x00, 0x00, 0x00, 0x00, // [108] U+0398 GREEK CAPITAL LETTER THETA
  0x00, 0x00, 0x00, 0x00, 0x00, 0x00, 0x00, 0x00, 0x1F, 0xE0, 0x0F, 0xE0, 0x03, 0x80, 0x03, 0x80, 0x03, 0x80, 0x03, 0x80, 0x03, 0x80, 0x03, 0x80, 0x0F, 0xE0, 0x1F, 0xE0, 0x00, 0x00, 0x00, 0x00, 0x00, 0x00, 0x00, 0x00, 0x00, 0x00, 0x00, 0x00, // [109] U+0399 GREEK CAPITAL LETTER IOTA
  0x00, 0x00, 0x00, 0x00, 0x00, 0x00, 0x00, 0x00, 0x3E, 0xF0, 0x3E, 0xF0, 0x1D, 0xC0, 0x1F, 0x80, 0x1F, 0x80, 0x1F, 0xC0, 0x1C, 0xC0, 0x1C, 0xE0, 0x3E, 0x78, 0x3E, 0x78, 0x00, 0x00, 0x00, 0x00, 0x00, 0x00, 0x00, 0x00, 0x00, 0x00, 0x00, 0x00, // [110] U+039A GREEK CAPITAL LETTER KAPPA
  0x00, 0x00, 0x00, 0x00, 0x00, 0x00, 0x00, 0x00, 0x1F, 0x80, 0x0F, 0x80, 0x07, 0xC0, 0x06, 0xC0, 0x0E, 0xE0, 0x0C, 0x60, 0x1C, 0x60, 0x18, 0x70, 0x3C, 0xF8, 0x3E, 0xF8, 0x00, 0x00, 0x00, 0x00, 0x00, 0x00, 0x00, 0x00, 0x00, 0x00, 0x00, 0x00, // [111] U+039B GREEK CAPITAL LETTER LAMDA
  0x00, 0x00, 0x00, 0x00, 0x00, 0x00, 0x00, 0x00, 0x38, 0x78, 0x3C, 0x78, 0x1C, 0xF0, 0x1E, 0xF0, 0x1F, 0xF0, 0x1F, 0xB0, 0x1B, 0xB0, 0x19, 0x30, 0x3C, 0x78, 0x3C, 0xF8, 0x00, 0x00, 0x00, 0x00, 0x00, 0x00, 0x00, 0x00, 0x00, 0x00, 0x00, 0x00, // [112] U+039C GREEK CAPITAL LETTER MU
  0x00, 0x00, 0x00, 0x00, 0x00, 0x00, 0x00, 0x00, 0x3C, 0xF8, 0x3C, 0xF0, 0x1E, 0x30, 0x1F, 0x30, 0x1B, 0xB0, 0x1B, 0xF0, 0x19, 0xF0, 0x18, 0xF0, 0x3E, 0x70, 0x3E, 0x70, 0x00, 0x00, 0x00, 0x00, 0x00, 0x00, 0x00, 0x00, 0x00, 0x00, 0x00, 0x00, // [113] U+039D GREEK CAPITAL LETTER NU
  0x00, 0x00, 0x00, 0x00, 0x00, 0x00, 0x00, 0x00, 0x1F, 0xF0, 0x1F, 0xF0, 0x18, 0x30, 0x1C, 0xF0, 0x07, 0xC0, 0x07, 0xC0, 0x1C, 0x70, 0x18, 0x30, 0x1F, 0xF0, 0x1F, 0xF0, 0x00, 0x00, 0x00, 0x00, 0x00, 0x00, 0x00, 0x00, 0x00, 0x00, 0x00, 0x00, // [114] U+039E GREEK CAPITAL LETTER XI
  0x00, 0x00, 0x00, 0x00, 0x00, 0x00, 0x00, 0x00, 0x0F, 0xC0, 0x1F, 0xE0, 0x18, 0x70, 0x38, 0x30, 0x30, 0x38, 0x30, 0x38, 0x38, 0x30, 0x18, 0x70, 0x1F, 0xE0, 0x07, 0xC0, 0x00, 0x00, 0x00, 0x00, 0x00, 0x00, 0x00, 0x00, 0x00, 0x00, 0x00, 0x00, // [115] U+039F GREEK CAPITAL LETTER OMICRON
  0x00, 0x00, 0x00, 0x00, 0x00, 0x00, 0x00, 0x00, 0x1F, 0xF0, 0x1F, 0xF0, 0x0C, 0x60, 0x0C, 0x60, 0x0C, 0x60, 0x0C, 0x60, 0x0C, 0x60, 0x0C, 0x60, 0x3E, 0xF0, 0x3E, 0xF0, 0x00, 0x00, 0x00, 0x00, 0x00, 0x00, 0x00, 0x00, 0x00, 0x00, 0x00, 0x00, // [116] U+03A0 GREEK CAPITAL LETTER PI
  0x00, 0x00, 0x00, 0x00, 0x00, 0x00, 0x00, 0x00, 0x3F, 0xC0, 0x3F, 0xE0, 0x1C, 0x70, 0x1C, 0x70, 0x1C, 0xE0, 0x1F, 0xE0, 0x1F, 0x80, 0x1C, 0x00, 0x3F, 0x00, 0x3F, 0x00, 0x00, 0x00, 0x00, 0x00, 0x00, 0x00, 0x00, 0x00, 0x00, 0x00, 0x00, 0x00, // [117] U+03A1 GREEK CAPITAL LETTER RHO
  0x00, 0x00, 0x00, 0x00, 0x00, 0x00, 0x00, 0x00, 0x0F, 0xF0, 0x0F, 0xF0, 0x06, 0x30, 0x03, 0x30, 0x03, 0x80, 0x03, 0x80, 0x07, 0x30, 0x0E, 0x30, 0x0F, 0xF0, 0x0F, 0xF0, 0x00, 0x00, 0x00, 0x00, 0x00, 0x00, 0x00, 0x00, 0x00, 0x00, 0x00, 0x00, // [118] U+03A3 GREEK CAPITAL LETTER SIGMA
  0x00, 0x00, 0x00, 0x00, 0x00, 0x00, 0x00, 0x00, 0x1F, 0xF0, 0x1F, 0xF0, 0x1B, 0xB0, 0x1B, 0xB0, 0x13, 0x80, 0x03, 0x80, 0x03, 0x80, 0x03, 0x80, 0x0F, 0xE0, 0x0F, 0xE0, 0x00, 0x00, 0x00, 0x00, 0x00, 0x00, 0x00, 0x00, 0x00, 0x00, 0x00, 0x00, // [119] U+03A4 GREEK CAPITAL LETTER TAU
  0x00, 0x00, 0x00, 0x00, 0x00, 0x00, 0x00, 0x00, 0x3C, 0xF8, 0x1C, 0xF0, 0x0E, 0xE0, 0x07, 0xC0, 0x07, 0x80, 0x03, 0x80, 0x03, 0x80, 0x03, 0x80, 0x0F, 0xE0, 0x0F, 0xE0, 0x00, 0x00, 0x00, 0x00, 0x00, 0x00, 0x00, 0x00, 0x00, 0x00, 0x00, 0x00, // [120] U+03A5 GREEK CAPITAL LETTER UPSILON
  0x00, 0x00, 0x00, 0x00, 0x00, 0x00, 0x07, 0xC0, 0x03, 0x80, 0x0F, 0xE0, 0x1F, 0xF0, 0x33, 0x38, 0x33, 0x18, 0x33, 0x18, 0x33, 0x38, 0x1F, 0xF0, 0x0F, 0xE0, 0x03, 0x80, 0x07, 0xC0, 0x00, 0x00, 0x00, 0x00, 0x00, 0x00, 0x00, 0x00, 0x00, 0x00, // [121] U+03A6 GREEK CAPITAL LETTER PHI
  0x00, 0x00, 0x00, 0x00, 0x00, 0x00, 0x00, 0x00, 0x3C, 0xF8, 0x1C, 0xF0, 0x0E, 0xE0, 0x07, 0xC0, 0x03, 0x80, 0x07, 0x80, 0x07, 0xC0, 0x0C, 0xE0, 0x3C, 0xF8, 0x3E, 0xF8, 0x00, 0x00, 0x00, 0x00, 0x00, 0x00, 0x00, 0x00, 0x00, 0x00, 0x00, 0x00, // [122] U+03A7 GREEK CAPITAL LETTER CHI
  0x00, 0x00, 0x00, 0x00, 0x00, 0x00, 0x00, 0x00, 0x3F, 0xF8, 0x3B, 0xB8, 0x1B, 0xB0, 0x1B, 0xB0, 0x1B, 0xB0, 0x1F, 0xF0, 0x0F, 0xE0, 0x03, 0x80, 0x07, 0x80, 0x07, 0x80, 0x00, 0x00, 0x00, 0x00, 0x00, 0x00, 0x00, 0x00, 0x00, 0x00, 0x00, 0x00, // [123] U+03A8 GREEK CAPITAL LETTER PSI
  0x00, 0x00, 0x00, 0x00, 0x00, 0x00, 0x03, 0x80, 0x0F, 0xE0, 0x1C, 0x70, 0x38, 0x30, 0x38, 0x38, 0x38, 0x38, 0x38, 0x38, 0x18, 0x30, 0x1C, 0x70, 0x3E, 0xF8, 0x3E, 0xF8, 0x00, 0x00, 0x00, 0x00, 0x00, 0x00, 0x00, 0x00, 0x00, 0x00, 0x00, 0x00, // [124] U+03A9 GREEK CAPITAL LETTER OMEGA
  0x00, 0x00, 0x00, 0x00, 0x00, 0x00, 0x00, 0x00, 0x00, 0x00, 0x00, 0x00, 0x07, 0x90, 0x0F, 0xF8, 0x1C, 0xF0, 0x18, 0x70, 0x18, 0x60, 0x18, 0xF0, 0x1F, 0xF0, 0x0F, 0xB0, 0x00, 0x00, 0x00, 0x00, 0x00, 0x00, 0x00, 0x00, 0x00, 0x00, 0x00, 0x00, // [125] U+03B1 GREEK SMALL LETTER ALPHA
  0x00, 0x00, 0x00, 0x00, 0x00, 0x00, 0x03, 0x80, 0x0F, 0xC0, 0x0E, 0xC0, 0x0C, 0xC0, 0x0D, 0xC0, 0x0F, 0xE0, 0x0C, 0x60, 0x0C, 0x60, 0x0C, 0x60, 0x0F, 0xE0, 0x0F, 0xC0, 0x0C, 0x00, 0x0C, 0x00, 0x0C, 0x00, 0x0C, 0x00, 0x00, 0x00, 0x00, 0x00, // [126] U+03B2 GREEK SMALL LETTER BETA
  0x00, 0x00, 0x00, 0x00, 0x00, 0x00, 0x00, 0x00, 0x00, 0x00, 0x00, 0x00, 0x18, 0x30, 0x3C, 0x78, 0x0C, 0x60, 0x0E, 0xE0, 0x06, 0xC0, 0x07, 0xC0, 0x03, 0x80, 0x03, 0x80, 0x03, 0x80, 0x03, 0x80, 0x03, 0x80, 0x01, 0x00, 0x00, 0x00, 0x00, 0x00, // [127] U+03B3 GREEK SMALL LETTER GAMMA
  0x00, 0x00, 0x00, 0x00, 0x03, 0xC0, 0x07, 0xC0, 0x06, 0x00, 0x07, 0x00, 0x07, 0xC0, 0x0F, 0xE0, 0x1C, 0x70, 0x18, 0x30, 0x18, 0x30, 0x18, 0x70, 0x1F, 0xE0, 0x0F, 0xC0, 0x00, 0x00, 0x00, 0x00, 0x00, 0x00, 0x00, 0x00, 0x00, 0x00, 0x00, 0x00, // [128] U+03B4 GREEK SMALL LETTER DELTA
  0x00, 0x00, 0x00, 0x00, 0x00, 0x00, 0x00, 0x00, 0x00, 0x00, 0x00, 0x00, 0x07, 0xC0, 0x0F, 0xC0, 0x0E, 0x00, 0x07, 0x80, 0x0F, 0x80, 0x0C, 0x00, 0x0F, 0xC0, 0x07, 0xC0, 0x00, 0x00, 0x00, 0x00, 0x00, 0x00, 0x00, 0x00, 0x00, 0x00, 0x00, 0x00, // [129] U+03B5 GREEK SMALL LETTER EPSILON
  0x00, 0x00, 0x00, 0x00, 0x00, 0x00, 0x03, 0xE0, 0x03, 0xE0, 0x01, 0xC0, 0x03, 0x80, 0x03, 0x00, 0x07, 0x00, 0x06, 0x00, 0x06, 0x00, 0x06, 0x00, 0x07, 0x00, 0x03, 0xE0, 0x01, 0xE0, 0x00, 0x60, 0x01, 0xE0, 0x01, 0xC0, 0x00, 0x00, 0x00, 0x00, // [130] U+03B6 GREEK SMALL LETTER ZETA
  0x00, 0x00, 0x00, 0x00, 0x00, 0x00, 0x00, 0x00, 0x00, 0x00, 0x00, 0x00, 0x1F, 0xC0, 0x1F, 0xE0, 0x0E, 0x60, 0x0C, 0x60, 0x0C, 0x60, 0x0C, 0x60, 0x1E, 0x60, 0x1F, 0x60, 0x00, 0x60, 0x00, 0x60, 0x00, 0x60, 0x00, 0x60, 0x00, 0x00, 0x00, 0x00, // [131] U+03B7 GREEK SMALL LETTER ETA
  0x00, 0x00, 0x00, 0x00, 0x00, 0x00, 0x03, 0x80, 0x07, 0xC0, 0x0E, 0xE0, 0x1C, 0x60, 0x1C, 0x70, 0x1F, 0xF0, 0x1F, 0xF0, 0x1C, 0x70, 0x0C, 0x60, 0x0F, 0xE0, 0x07, 0xC0, 0x00, 0x00, 0x00, 0x00, 0x00, 0x00, 0x00, 0x00, 0x00, 0x00, 0x00, 0x00, // [132] U+03B8 GREEK SMALL LETTER THETA
  0x00, 0x00, 0x00, 0x00, 0x00, 0x00, 0x00, 0x00, 0x00, 0x00, 0x00, 0x00, 0x03, 0x00, 0x03, 0x00, 0x03, 0x00, 0x03, 0x00, 0x03, 0x00, 0x03, 0x00, 0x03, 0xC0, 0x03, 0xC0, 0x00, 0x00, 0x00, 0x00, 0x00, 0x00, 0x00, 0x00, 0x00, 0x00, 0x00, 0x00, // [133] U+03B9 GREEK SMALL LETTER IOTA
  0x00, 0x00, 0x00, 0x00, 0x00, 0x00, 0x00, 0x00, 0x00, 0x00, 0x00, 0x00, 0x1E, 0x60, 0x1E, 0xF0, 0x0F, 0xC0, 0x0F, 0x80, 0x0F, 0x80, 0x0F, 0xC0, 0x1F, 0xF0, 0x1F, 0x70, 0x00, 0x00, 0x00, 0x00, 0x00, 0x00, 0x00, 0x00, 0x00, 0x00, 0x00, 0x00, // [134] U+03BA GREEK SMALL LETTER KAPPA
  0x00, 0x00, 0x00, 0x00, 0x00, 0x00, 0x1C, 0x00, 0x1E, 0x00, 0x07, 0x00, 0x03, 0x00, 0x03, 0x80, 0x07, 0x80, 0x07, 0xC0, 0x0E, 0xE0, 0x0C, 0x60, 0x1E, 0xF0, 0x3E, 0xF8, 0x00, 0x00, 0x00, 0x00, 0x00, 0x00, 0x00, 0x00, 0x00, 0x00, 0x00, 0x00, // [135] U+03BB GREEK SMALL LETTER LAMDA
  0x00, 0x00, 0x00, 0x00, 0x00, 0x00, 0x00, 0x00, 0x00, 0x00, 0x00, 0x00, 0x1C, 0xE0, 0x3D, 0xE0, 0x1C, 0x60, 0x0C, 0x60, 0x0C, 0x60, 0x0C, 0x60, 0x0F, 0xF0, 0x0F, 0xF0, 0x0C, 0x00, 0x0C, 0x00, 0x0C, 0x00, 0x08, 0x00, 0x00, 0x00, 0x00, 0x00, // [136] U+03BC GREEK SMALL LETTER MU
  0x00, 0x00, 0x00, 0x00, 0x00, 0x00, 0x00, 0x00, 0x00, 0x00, 0x00, 0x00, 0x38, 0x60, 0x3C, 0x70, 0x0C, 0x70, 0x0E, 0x70, 0x06, 0x60, 0x07, 0xE0, 0x03, 0xC0, 0x03, 0x80, 0x00, 0x00, 0x00, 0x00, 0x00, 0x00, 0x00, 0x00, 0x00, 0x00, 0x00, 0x00, // [137] U+03BD GREEK SMALL LETTER NU
  0x00, 0x00, 0x00, 0x00, 0x00, 0x00, 0x07, 0xC0, 0x07, 0xC0, 0x07, 0x00, 0x06, 0x00, 0x07, 0x00, 0x03, 0xC0, 0x07, 0xC0, 0x06, 0x00, 0x0E, 0x00, 0x07, 0x00, 0x07, 0xC0, 0x01, 0xE0, 0x00, 0x60, 0x01, 0xE0, 0x01, 0xC0, 0x00, 0x00, 0x00, 0x00, // [138] U+03BE GREEK SMALL LETTER XI
  0x00, 0x00, 0x00, 0x00, 0x00, 0x00, 0x00, 0x00, 0x00, 0x00, 0x00, 0x00, 0x07, 0xC0, 0x0F, 0xE0, 0x1C, 0x70, 0x18, 0x30, 0x18, 0x30, 0x18, 0x70, 0x1F, 0xE0, 0x0F, 0xC0, 0x00, 0x00, 0x00, 0x00, 0x00, 0x00, 0x00, 0x00, 0x00, 0x00, 0x00, 0x00, // [139] U+03BF GREEK SMALL LETTER OMICRON
  0x00, 0x00, 0x00, 0x00, 0x00, 0x00, 0x00, 0x00, 0x00, 0x00, 0x00, 0x00, 0x1F, 0xF0, 0x3F, 0xF0, 0x0C, 0x60, 0x0C, 0x60, 0x0C, 0x60, 0x0C, 0x60, 0x1E, 0xF0, 0x1E, 0xF0, 0x00, 0x00, 0x00, 0x00, 0x00, 0x00, 0x00, 0x00, 0x00, 0x00, 0x00, 0x00, // [140] U+03C0 GREEK SMALL LETTER PI
  0x00, 0x00, 0x00, 0x00, 0x00, 0x00, 0x00, 0x00, 0x00, 0x00, 0x00, 0x00, 0x03, 0xC0, 0x0F, 0xE0, 0x0C, 0x70, 0x1C, 0x30, 0x1C, 0x30, 0x1C, 0x70, 0x1F, 0xE0, 0x1F, 0xC0, 0x1C, 0x00, 0x1C, 0x00, 0x1C, 0x00, 0x08, 0x00, 0x00, 0x00, 0x00, 0x00, // [141] U+03C1 GREEK SMALL LETTER RHO
  0x00, 0x00, 0x00, 0x00, 0x00, 0x00, 0x00, 0x00, 0x00, 0x00, 0x00, 0x00, 0x07, 0xF0, 0x0F, 0xF0, 0x0C, 0x70, 0x1C, 0x30, 0x1C, 0x00, 0x1C, 0x00, 0x0E, 0x00, 0x07, 0xC0, 0x03, 0xC0, 0x01, 0xC0, 0x03, 0xC0, 0x01, 0x00, 0x00, 0x00, 0x00, 0x00, // [142] U+03C2 GREEK SMALL LETTER FINAL SIGMA
  0x00, 0x00, 0x00, 0x00, 0x00, 0x00, 0x00, 0x00, 0x00, 0x00, 0x00, 0x00, 0x07, 0xF8, 0x0F, 0xF8, 0x1C, 0x60, 0x18, 0x30, 0x18, 0x30, 0x18, 0x70, 0x1F, 0xE0, 0x0F, 0xC0, 0x00, 0x00, 0x00, 0x00, 0x00, 0x00, 0x00, 0x00, 0x00, 0x00, 0x00, 0x00, // [143] U+03C3 GREEK SMALL LETTER SIGMA
  0x00, 0x00, 0x00, 0x00, 0x00, 0x00, 0x00, 0x00, 0x00, 0x00, 0x00, 0x00, 0x0F, 0xC0, 0x1F, 0xE0, 0x03, 0x80, 0x03, 0x00, 0x03, 0x00, 0x03, 0x00, 0x03, 0xC0, 0x03, 0xC0, 0x00, 0x00, 0x00, 0x00, 0x00, 0x00, 0x00, 0x00, 0x00, 0x00, 0x00, 0x00, // [144] U+03C4 GREEK SMALL LETTER TAU
  0x00, 0x00, 0x00, 0x00, 0x00, 0x00, 0x00, 0x00, 0x00, 0x00, 0x00, 0x00, 0x1C, 0xF0, 0x1C, 0xF0, 0x0C, 0x60, 0x0C, 0x60, 0x0C, 0x60, 0x0C, 0x60, 0x0F, 0xE0, 0x07, 0xC0, 0x00, 0x00, 0x00, 0x00, 0x00, 0x00, 0x00, 0x00, 0x00, 0x00, 0x00, 0x00, // [145] U+03C5 GREEK SMALL LETTER UPSILON
  0x00, 0x00, 0x00, 0x00, 0x00, 0x00, 0x00, 0x00, 0x00, 0x00, 0x00, 0x00, 0x0D, 0xC0, 0x1F, 0xE0, 0x1B, 0xF0, 0x1B, 0x30, 0x1B, 0x30, 0x1B, 0x70, 0x1F, 0xE0, 0x0F, 0xC0, 0x03, 0x00, 0x03, 0x00, 0x03, 0x00, 0x03, 0x00, 0x00, 0x00, 0x00, 0x00, // [146] U+03C6 GREEK SMALL LETTER PHI
  0x00, 0x00, 0x00, 0x00, 0x00, 0x00, 0x00, 0x00, 0x00, 0x00, 0x00, 0x00, 0x18, 0x20, 0x3C, 0x60, 0x0E, 0xE0, 0x07, 0xC0, 0x07, 0x80, 0x03, 0x80, 0x03, 0x80, 0x07, 0xC0, 0x0E, 0xC0, 0x0C, 0x60, 0x1C, 0x78, 0x18, 0x30, 0x00, 0x00, 0x00, 0x00, // [147] U+03C7 GREEK SMALL LETTER CHI
  0x00, 0x00, 0x00, 0x00, 0x00, 0x00, 0x01, 0x00, 0x03, 0x80, 0x03, 0x80, 0x1B, 0xB0, 0x3B, 0xF8, 0x1B, 0xF0, 0x1B, 0xF0, 0x1B, 0xF0, 0x1F, 0xF0, 0x0F, 0xE0, 0x0F, 0xE0, 0x03, 0x80, 0x03, 0x80, 0x03, 0x80, 0x01, 0x00, 0x00, 0x00, 0x00, 0x00, // [148] U+03C8 GREEK SMALL LETTER PSI
  0x00, 0x00, 0x00, 0x00, 0x00, 0x00, 0x00, 0x00, 0x00, 0x00, 0x00, 0x00, 0x0C, 0xC0, 0x0E, 0xE0, 0x1C, 0x70, 0x19, 0x30, 0x1B, 0xB0, 0x1B, 0xB0, 0x1F, 0xF0, 0x0F, 0xE0, 0x00, 0x00, 0x00, 0x00, 0x00, 0x00, 0x00, 0x00, 0x00, 0x00, 0x00, 0x00, // [149] U+03C9 GREEK SMALL LETTER OMEGA
  0x03, 0x80, 0x0F, 0xC0, 0x0C, 0xE0, 0x0C, 0x60, 0x0C, 0x60, 0x0E, 0x78, 0x07, 0xF8, 0x3D, 0xF0, 0x3C, 0x60, 0x1C, 0x60, 0x1C, 0x60, 0x0C, 0x60, 0x0F, 0xE0, 0x0F, 0xC0, 0x00, 0x00, 0x00, 0x00, 0x00, 0x00, 0x00, 0x00, 0x00, 0x00, 0x00, 0x00, // [150] U+03D1 GREEK THETA SYMBOL
  0x00, 0x00, 0x3C, 0x70, 0x3E, 0xF8, 0x0E, 0xF8, 0x07, 0xD0, 0x07, 0x80, 0x03, 0x80, 0x03, 0x80, 0x03, 0x80, 0x03, 0x80, 0x03, 0x80, 0x03, 0x80, 0x03, 0x80, 0x03, 0x80, 0x00, 0x00, 0x00, 0x00, 0x00, 0x00, 0x00, 0x00, 0x00, 0x00, 0x00, 0x00, // [151] U+03D2 GREEK UPSILON WITH HOOK SYMBOL
  0x00, 0x00, 0x00, 0x00, 0x00, 0x00, 0x00, 0x00, 0x00, 0x00, 0x00, 0x00, 0x1F, 0xF0, 0x3F, 0xF0, 0x3C, 0x70, 0x19, 0x30, 0x1B, 0xB0, 0x1B, 0xB0, 0x1F, 0xF0, 0x0F, 0xE0, 0x00, 0x00, 0x00, 0x00, 0x00, 0x00, 0x00, 0x00, 0x00, 0x00, 0x00, 0x00, // [152] U+03D6 GREEK PI SYMBOL
  0x00, 0x00, 0x00, 0x00, 0x00, 0x00, 0x00, 0x00, 0x00, 0x00, 0x00, 0x00, 0x00, 0x00, 0x00, 0x00, 0x1F, 0xF0, 0x1F, 0xF0, 0x00, 0x00, 0x00, 0x00, 0x00, 0x00, 0x00, 0x00, 0x00, 0x00, 0x00, 0x00, 0x00, 0x00, 0x00, 0x00, 0x00, 0x00, 0x00, 0x00, // [153] U+2013 EN DASH
  0x00, 0x00, 0x00, 0x00, 0x00, 0x00, 0x00, 0x00, 0x00, 0x00, 0x00, 0x00, 0x00, 0x00, 0x00, 0x00, 0x3F, 0xF8, 0x7F, 0xF8, 0x00, 0x00, 0x00, 0x00, 0x00, 0x00, 0x00, 0x00, 0x00, 0x00, 0x00, 0x00, 0x00, 0x00, 0x00, 0x00, 0x00, 0x00, 0x00, 0x00, // [154] U+2014 EM DASH
  0x00, 0x00, 0x00, 0x00, 0x00, 0x00, 0x01, 0x80, 0x01, 0x80, 0x00, 0xC0, 0x00, 0xC0, 0x00, 0x40, 0x00, 0x00, 0x00, 0x00, 0x00, 0x00, 0x00, 0x00, 0x00, 0x00, 0x00, 0x00, 0x00, 0x00, 0x00, 0x00, 0x00, 0x00, 0x00, 0x00, 0x00, 0x00, 0x00, 0x00, // [155] U+2018 LEFT SINGLE QUOTATION MARK
  0x00, 0x00, 0x00, 0x00, 0x00, 0x00, 0x03, 0x00, 0x07, 0x00, 0x06, 0x00, 0x06, 0x00, 0x04, 0x00, 0x00, 0x00, 0x00, 0x00, 0x00, 0x00, 0x00, 0x00, 0x00, 0x00, 0x00, 0x00, 0x00, 0x00, 0x00, 0x00, 0x00, 0x00, 0x00, 0x00, 0x00, 0x00, 0x00, 0x00, // [156] U+2019 RIGHT SINGLE QUOTATION MARK
  0x00, 0x00, 0x00, 0x00, 0x00, 0x00, 0x00, 0x00, 0x00, 0x00, 0x00, 0x00, 0x00, 0x00, 0x00, 0x00, 0x00, 0x00, 0x00, 0x00, 0x00, 0x00, 0x03, 0x00, 0x07, 0x00, 0x07, 0x00, 0x06, 0x00, 0x04, 0x00, 0x04, 0x00, 0x00, 0x00, 0x00, 0x00, 0x00, 0x00, // [157] U+201A SINGLE LOW-9 QUOTATION MARK
  0x00, 0x00, 0x00, 0x00, 0x00, 0x00, 0x0C, 0xC0, 0x0E, 0xC0, 0x06, 0xE0, 0x06, 0x60, 0x03, 0x20, 0x00, 0x00, 0x00, 0x00, 0x00, 0x00, 0x00, 0x00, 0x00, 0x00, 0x00, 0x00, 0x00, 0x00, 0x00, 0x00, 0x00, 0x00, 0x00, 0x00, 0x00, 0x00, 0x00, 0x00, // [158] U+201C LEFT DOUBLE QUOTATION MARK
  0x00, 0x00, 0x00, 0x00, 0x00, 0x00, 0x06, 0x60, 0x0E, 0xC0, 0x0C, 0xC0, 0x0D, 0x80, 0x19, 0x80, 0x00, 0x00, 0x00, 0x00, 0x00, 0x00, 0x00, 0x00, 0x00, 0x00, 0x00, 0x00, 0x00, 0x00, 0x00, 0x00, 0x00, 0x00, 0x00, 0x00, 0x00, 0x00, 0x00, 0x00, // [159] U+201D RIGHT DOUBLE QUOTATION MARK
  0x00, 0x00, 0x00, 0x00, 0x00, 0x00, 0x00, 0x00, 0x00, 0x00, 0x00, 0x00, 0x00, 0x00, 0x00, 0x00, 0x00, 0x00, 0x00, 0x00, 0x00, 0x00, 0x06, 0x60, 0x0E, 0xE0, 0x0C, 0xC0, 0x0D, 0x80, 0x19, 0x80, 0x00, 0x00, 0x00, 0x00, 0x00, 0x00, 0x00, 0x00, // [160] U+201E DOUBLE LOW-9 QUOTATION MARK
  0x00, 0x00, 0x00, 0x00, 0x00, 0x00, 0x01, 0x00, 0x03, 0x80, 0x03, 0x80, 0x0F, 0xE0, 0x0F, 0xE0, 0x03, 0x80, 0x03, 0x80, 0x03, 0x80, 0x03, 0x80, 0x03, 0x80, 0x03, 0x80, 0x03, 0x80, 0x01, 0x00, 0x00, 0x00, 0x00, 0x00, 0x00, 0x00, 0x00, 0x00, // [161] U+2020 DAGGER
  0x00, 0x00, 0x00, 0x00, 0x00, 0x00, 0x01, 0x00, 0x03, 0x80, 0x03, 0x80, 0x0F, 0xE0, 0x0F, 0xE0, 0x07, 0xC0, 0x0F, 0xE0, 0x0F, 0xE0, 0x03, 0x80, 0x03, 0x80, 0x03, 0x80, 0x03, 0x80, 0x01, 0x00, 0x00, 0x00, 0x00, 0x00, 0x00, 0x00, 0x00, 0x00, // [162] U+2021 DOUBLE DAGGER
  0x00, 0x00, 0x00, 0x00, 0x00, 0x00, 0x00, 0x00, 0x00, 0x00, 0x00, 0x00, 0x07, 0x80, 0x07, 0xC0, 0x07, 0xC0, 0x07, 0xC0, 0x07, 0x80, 0x00, 0x00, 0x00, 0x00, 0x00, 0x00, 0x00, 0x00, 0x00, 0x00, 0x00, 0x00, 0x00, 0x00, 0x00, 0x00, 0x00, 0x00, // [163] U+2022 BULLET
  0x00, 0x00, 0x00, 0x00, 0x00, 0x00, 0x00, 0x00, 0x00, 0x00, 0x00, 0x00, 0x00, 0x00, 0x00, 0x00, 0x00, 0x00, 0x00, 0x00, 0x00, 0x00, 0x00, 0x00, 0x3B, 0xB0, 0x3B, 0xB0, 0x00, 0x00, 0x00, 0x00, 0x00, 0x00, 0x00, 0x00, 0x00, 0x00, 0x00, 0x00, // [164] U+2026 HORIZONTAL ELLIPSIS
  0x00, 0x00, 0x00, 0x00, 0x00, 0x00, 0x18, 0x00, 0x3C, 0x00, 0x24, 0x00, 0x3C, 0x60, 0x03, 0xE0, 0x1F, 0x00, 0x10, 0x00, 0x0E, 0x70, 0x09, 0x58, 0x0B, 0x58, 0x0E, 0x70, 0x00, 0x00, 0x00, 0x00, 0x00, 0x00, 0x00, 0x00, 0x00, 0x00, 0x00, 0x00, // [165] U+2030 PER MILLE SIGN
  0x00, 0x00, 0x00, 0x00, 0x00, 0x00, 0x00, 0x80, 0x01, 0x80, 0x01, 0x80, 0x01, 0x00, 0x03, 0x00, 0x00, 0x00, 0x00, 0x00, 0x00, 0x00, 0x00, 0x00, 0x00, 0x00, 0x00, 0x00, 0x00, 0x00, 0x00, 0x00, 0x00, 0x00, 0x00, 0x00, 0x00, 0x00, 0x00, 0x00, // [166] U+2032 PRIME
  0x00, 0x00, 0x00, 0x00, 0x00, 0x00, 0x02, 0x40, 0x07, 0xC0, 0x06, 0xC0, 0x06, 0xC0, 0x04, 0x80, 0x04, 0x00, 0x00, 0x00, 0x00, 0x00, 0x00, 0x00, 0x00, 0x00, 0x00, 0x00, 0x00, 0x00, 0x00, 0x00, 0x00, 0x00, 0x00, 0x00, 0x00, 0x00, 0x00, 0x00, // [167] U+2033 DOUBLE PRIME
  0x00, 0x00, 0x00, 0x00, 0x00, 0x00, 0x00, 0x00, 0x00, 0x00, 0x00, 0x00, 0x00, 0x00, 0x03, 0x00, 0x06, 0x00, 0x1C, 0x00, 0x1C, 0x00, 0x0E, 0x00, 0x03, 0x00, 0x01, 0x00, 0x00, 0x00, 0x00, 0x00, 0x00, 0x00, 0x00, 0x00, 0x00, 0x00, 0x00, 0x00, // [168] U+2039 SINGLE LEFT-POINTING ANGLE QUOTATION MARK
  0x00, 0x00, 0x00, 0x00, 0x00, 0x00, 0x00, 0x00, 0x00, 0x00, 0x00, 0x00, 0x00, 0x00, 0x01, 0x80, 0x00, 0xC0, 0x00, 0x70, 0x00, 0x70, 0x00, 0xE0, 0x01, 0x80, 0x01, 0x00, 0x00, 0x00, 0x00, 0x00, 0x00, 0x00, 0x00, 0x00, 0x00, 0x00, 0x00, 0x00, // [169] U+203A SINGLE RIGHT-POINTING ANGLE QUOTATION MARK
  0x00, 0x00, 0x7F, 0xFC, 0x7F, 0xFC, 0x00, 0x00, 0x00, 0x00, 0x00, 0x00, 0x00, 0x00, 0x00, 0x00, 0x00, 0x00, 0x00, 0x00, 0x00, 0x00, 0x00, 0x00, 0x00, 0x00, 0x00, 0x00, 0x00, 0x00, 0x00, 0x00, 0x00, 0x00, 0x00, 0x00, 0x00, 0x00, 0x00, 0x00, // [170] U+203E OVERLINE
  0x00, 0x00, 0x00, 0x00, 0x00, 0x00, 0x00, 0x00, 0x00, 0x00, 0x00, 0x10, 0x00, 0x70, 0x00, 0xE0, 0x03, 0xC0, 0x0F, 0x00, 0x1E, 0x00, 0x38, 0x00, 0x00, 0x00, 0x00, 0x00, 0x00, 0x00, 0x00, 0x00, 0x00, 0x00, 0x00, 0x00, 0x00, 0x00, 0x00, 0x00, // [171] U+2044 FRACTION SLASH
  0x00, 0x00, 0x00, 0x00, 0x00, 0x00, 0x00, 0x00, 0x07, 0xF0, 0x0F, 0xF0, 0x1C, 0x70, 0x1C, 0x20, 0x3F, 0x80, 0x3F, 0x80, 0x3F, 0x00, 0x1C, 0x30, 0x0F, 0xF0, 0x07, 0xE0, 0x00, 0x00, 0x00, 0x00, 0x00, 0x00, 0x00, 0x00, 0x00, 0x00, 0x00, 0x00, // [172] U+20AC EURO SIGN
  0x00, 0x00, 0x00, 0x00, 0x00, 0x00, 0x00, 0x00, 0x3F, 0xB8, 0x3F, 0xF0, 0x2B, 0xF0, 0x09, 0xF0, 0x09, 0x90, 0x1D, 0xF8, 0x00, 0x00, 0x00, 0x00, 0x00, 0x00, 0x00, 0x00, 0x00, 0x00, 0x00, 0x00, 0x00, 0x00, 0x00, 0x00, 0x00, 0x00, 0x00, 0x00, // [173] U+2122 TRADE MARK SIGN
  0x00, 0x00, 0x00, 0x00, 0x00, 0x00, 0x00, 0x00, 0x00, 0x00, 0x00, 0x00, 0x00, 0x00, 0x04, 0x00, 0x0C, 0x00, 0x1F, 0xF8, 0x18, 0x00, 0x04, 0x00, 0x00, 0x00, 0x00, 0x00, 0x00, 0x00, 0x00, 0x00, 0x00, 0x00, 0x00, 0x00, 0x00, 0x00, 0x00, 0x00, // [174] U+2190 LEFTWARDS ARROW
  0x00, 0x00, 0x00, 0x00, 0x00, 0x00, 0x00, 0x00, 0x00, 0x00, 0x03, 0x00, 0x07, 0x80, 0x05, 0x00, 0x01, 0x00, 0x01, 0x00, 0x01, 0x00, 0x01, 0x00, 0x01, 0x00, 0x01, 0x00, 0x00, 0x00, 0x00, 0x00, 0x00, 0x00, 0x00, 0x00, 0x00, 0x00, 0x00, 0x00, // [175] U+2191 UPWARDS ARROW
  0x00, 0x00, 0x00, 0x00, 0x00, 0x00, 0x00, 0x00, 0x00, 0x00, 0x00, 0x00, 0x00, 0x00, 0x00, 0x40, 0x00, 0x60, 0x3F, 0xF0, 0x00, 0x30, 0x00, 0x40, 0x00, 0x00, 0x00, 0x00, 0x00, 0x00, 0x00, 0x00, 0x00, 0x00, 0x00, 0x00, 0x00, 0x00, 0x00, 0x00, // [176] U+2192 RIGHTWARDS ARROW
  0x00, 0x00, 0x00, 0x00, 0x00, 0x00, 0x00, 0x00, 0x01, 0x00, 0x01, 0x00, 0x01, 0x00, 0x01, 0x00, 0x01, 0x00, 0x01, 0x00, 0x01, 0x00, 0x07, 0xC0, 0x03, 0x80, 0x03, 0x00, 0x00, 0x00, 0x00, 0x00, 0x00, 0x00, 0x00, 0x00, 0x00, 0x00, 0x00, 0x00, // [177] U+2193 DOWNWARDS ARROW
  0x00, 0x00, 0x00, 0x00, 0x00, 0x00, 0x00, 0x00, 0x00, 0x00, 0x00, 0x00, 0x00, 0x00, 0x04, 0x40, 0x08, 0x60, 0x1F, 0xF0, 0x18, 0x30, 0x04, 0x40, 0x00, 0x00, 0x00, 0x00, 0x00, 0x00, 0x00, 0x00, 0x00, 0x00, 0x00, 0x00, 0x00, 0x00, 0x00, 0x00, // [178] U+2194 LEFT RIGHT ARROW
  0x00, 0x00, 0x00, 0x00, 0x00, 0x00, 0x00, 0x00, 0x00, 0x20, 0x00, 0x20, 0x00, 0x20, 0x00, 0x20, 0x02, 0x20, 0x04, 0x20, 0x1F, 0xE0, 0x04, 0x00, 0x02, 0x00, 0x00, 0x00, 0x00, 0x00, 0x00, 0x00, 0x00, 0x00, 0x00, 0x00, 0x00, 0x00, 0x00, 0x00, // [179] U+21B5 DOWNWARDS ARROW WITH CORNER LEFTWARDS
  0x00, 0x00, 0x00, 0x00, 0x00, 0x00, 0x10, 0x10, 0x18, 0x20, 0x08, 0x20, 0x0F, 0xE0, 0x0C, 0x40, 0x04, 0x40, 0x04, 0xC0, 0x06, 0x80, 0x02, 0x80, 0x03, 0x80, 0x03, 0x00, 0x00, 0x00, 0x00, 0x00, 0x00, 0x00, 0x00, 0x00, 0x00, 0x00, 0x00, 0x00, // [180] U+2200 FOR ALL
  0x00, 0x00, 0x00, 0x00, 0x00, 0x00, 0x04, 0x00, 0x07, 0x80, 0x00, 0xC0, 0x03, 0xE0, 0x0C, 0xE0, 0x18, 0x20, 0x10, 0x30, 0x10, 0x30, 0x18, 0x30, 0x08, 0x60, 0x07, 0xC0, 0x00, 0x00, 0x00, 0x00, 0x00, 0x00, 0x00, 0x00, 0x00, 0x00, 0x00, 0x00, // [181] U+2202 PARTIAL DIFFERENTIAL
  0x00, 0x00, 0x00, 0x00, 0x00, 0x00, 0x00, 0x00, 0x0F, 0xE0, 0x00, 0x60, 0x00, 0x60, 0x00, 0x60, 0x0F, 0xE0, 0x00, 0x60, 0x00, 0x60, 0x00, 0x60, 0x00, 0x60, 0x0F, 0xE0, 0x00, 0x00, 0x00, 0x00, 0x00, 0x00, 0x00, 0x00, 0x00, 0x00, 0x00, 0x00, // [182] U+2203 THERE EXISTS
  0x00, 0x00, 0x00, 0x00, 0x00, 0x00, 0x00, 0x00, 0x00, 0x00, 0x00, 0x40, 0x03, 0xC0, 0x0F, 0xC0, 0x08, 0xA0, 0x11, 0x30, 0x11, 0x10, 0x1A, 0x30, 0x0E, 0x20, 0x07, 0xC0, 0x0C, 0x00, 0x00, 0x00, 0x00, 0x00, 0x00, 0x00, 0x00, 0x00, 0x00, 0x00, // [183] U+2205 EMPTY SET
  0x00, 0x00, 0x00, 0x00, 0x00, 0x00, 0x00, 0x00, 0x3F, 0xF8, 0x1F, 0xF0, 0x18, 0x30, 0x0C, 0x60, 0x0C, 0x60, 0x0E, 0xC0, 0x06, 0xC0, 0x07, 0x80, 0x03, 0x80, 0x03, 0x00, 0x00, 0x00, 0x00, 0x00, 0x00, 0x00, 0x00, 0x00, 0x00, 0x00, 0x00, 0x00, // [184] U+2207 NABLA
  0x00, 0x00, 0x00, 0x00, 0x00, 0x00, 0x00, 0x00, 0x00, 0x00, 0x0F, 0xF0, 0x18, 0x00, 0x10, 0x00, 0x30, 0x00, 0x3F, 0xF8, 0x30, 0x00, 0x10, 0x00, 0x18, 0x00, 0x0F, 0xF8, 0x00, 0x00, 0x00, 0x00, 0x00, 0x00, 0x00, 0x00, 0x00, 0x00, 0x00, 0x00, // [185] U+2208 ELEMENT OF
  0x00, 0x00, 0x00, 0x00, 0x00, 0x00, 0x00, 0x20, 0x00, 0x60, 0x0F, 0xF0, 0x10, 0xC0, 0x30, 0x80, 0x31, 0x80, 0x3F, 0xF0, 0x33, 0x00, 0x12, 0x00, 0x1E, 0x00, 0x0F, 0xF8, 0x0C, 0x00, 0x00, 0x00, 0x00, 0x00, 0x00, 0x00, 0x00, 0x00, 0x00, 0x00, // [186] U+2209 NOT AN ELEMENT OF
  0x00, 0x00, 0x00, 0x00, 0x00, 0x00, 0x00, 0x00, 0x00, 0x00, 0x3F, 0xE0, 0x00, 0x30, 0x00, 0x10, 0x00, 0x18, 0x3F, 0xF8, 0x00, 0x18, 0x00, 0x10, 0x00, 0x30, 0x3F, 0xE0, 0x00, 0x00, 0x00, 0x00, 0x00, 0x00, 0x00, 0x00, 0x00, 0x00, 0x00, 0x00, // [187] U+220B CONTAINS AS MEMBER
  0x00, 0x00, 0x00, 0x00, 0x1F, 0xF0, 0x3F, 0xF0, 0x1C, 0x70, 0x0C, 0x60, 0x0C, 0x60, 0x0C, 0x60, 0x0C, 0x60, 0x0C, 0x60, 0x0C, 0x60, 0x0C, 0x60, 0x0C, 0x60, 0x1C, 0x70, 0x3E, 0xF0, 0x1C, 0xF0, 0x00, 0x00, 0x00, 0x00, 0x00, 0x00, 0x00, 0x00, // [188] U+220F N-ARY PRODUCT
  0x00, 0x00, 0x00, 0x00, 0x0F, 0xE0, 0x1F, 0xF0, 0x0E, 0x70, 0x0E, 0x30, 0x07, 0x20, 0x03, 0x80, 0x03, 0x80, 0x03, 0x00, 0x07, 0x00, 0x06, 0x30, 0x0E, 0x30, 0x1F, 0xF0, 0x1F, 0xF0, 0x0F, 0xE0, 0x00, 0x00, 0x00, 0x00, 0x00, 0x00, 0x00, 0x00, // [189] U+2211 N-ARY SUMMATION
  0x00, 0x00, 0x00, 0x00, 0x00, 0x00, 0x00, 0x00, 0x00, 0x00, 0x00, 0x00, 0x00, 0x00, 0x00, 0x00, 0x1F, 0xF0, 0x1F, 0xF0, 0x00, 0x00, 0x00, 0x00, 0x00, 0x00, 0x00, 0x00, 0x00, 0x00, 0x00, 0x00, 0x00, 0x00, 0x00, 0x00, 0x00, 0x00, 0x00, 0x00, // [190] U+2212 MINUS SIGN
  0x00, 0x00, 0x00, 0x00, 0x00, 0x00, 0x00, 0x00, 0x00, 0x00, 0x00, 0x00, 0x01, 0x00, 0x05, 0x40, 0x07, 0xC0, 0x03, 0x80, 0x07, 0xC0, 0x01, 0x00, 0x00, 0x00, 0x00, 0x00, 0x00, 0x00, 0x00, 0x00, 0x00, 0x00, 0x00, 0x00, 0x00, 0x00, 0x00, 0x00, // [191] U+2217 ASTERISK OPERATOR
  0x00, 0x00, 0x00, 0x78, 0x00, 0x40, 0x00, 0xC0, 0x00, 0x80, 0x00, 0x80, 0x01, 0x80, 0x01, 0x00, 0x39, 0x00, 0x0A, 0x00, 0x0E, 0x00, 0x06, 0x00, 0x04, 0x00, 0x04, 0x00, 0x00, 0x00, 0x00, 0x00, 0x00, 0x00, 0x00, 0x00, 0x00, 0x00, 0x00, 0x00, // [192] U+221A SQUARE ROOT
  0x00, 0x00, 0x00, 0x00, 0x00, 0x00, 0x00, 0x00, 0x00, 0x00, 0x00, 0x00, 0x00, 0x00, 0x1C, 0x40, 0x33, 0x80, 0x23, 0x00, 0x36, 0xC0, 0x1C, 0x40, 0x00, 0x00, 0x00, 0x00, 0x00, 0x00, 0x00, 0x00, 0x00, 0x00, 0x00, 0x00, 0x00, 0x00, 0x00, 0x00, // [193] U+221D PROPORTIONAL TO
  0x00, 0x00, 0x00, 0x00, 0x00, 0x00, 0x00, 0x00, 0x00, 0x00, 0x00, 0x00, 0x08, 0x20, 0x1E, 0xF0, 0x23, 0x98, 0x23, 0x98, 0x1E, 0xF0, 0x00, 0x00, 0x00, 0x00, 0x00, 0x00, 0x00, 0x00, 0x00, 0x00, 0x00, 0x00, 0x00, 0x00, 0x00, 0x00, 0x00, 0x00, // [194] U+221E INFINITY
  0x00, 0x00, 0x00, 0x00, 0x00, 0x00, 0x00, 0x00, 0x00, 0x00, 0x00, 0x00, 0x00, 0x60, 0x00, 0xC0, 0x01, 0x80, 0x03, 0x00, 0x06, 0x00, 0x0C, 0x00, 0x18, 0x00, 0x3F, 0xF8, 0x00, 0x00, 0x00, 0x00, 0x00, 0x00, 0x00, 0x00, 0x00, 0x00, 0x00, 0x00, // [195] U+2220 ANGLE
  0x00, 0x00, 0x00, 0x00, 0x00, 0x00, 0x00, 0x00, 0x00, 0x00, 0x00, 0x00, 0x01, 0x00, 0x03, 0x80, 0x02, 0x80, 0x06, 0xC0, 0x04, 0x40, 0x0C, 0x40, 0x08, 0x20, 0x08, 0x20, 0x00, 0x00, 0x00, 0x00, 0x00, 0x00, 0x00, 0x00, 0x00, 0x00, 0x00, 0x00, // [196] U+2227 LOGICAL AND
  0x00, 0x00, 0x00, 0x00, 0x00, 0x00, 0x00, 0x00, 0x00, 0x00, 0x00, 0x00, 0x08, 0x20, 0x08, 0x20, 0x0C, 0x40, 0x04, 0x40, 0x04, 0xC0, 0x02, 0x80, 0x03, 0x80, 0x03, 0x00, 0x00, 0x00, 0x00, 0x00, 0x00, 0x00, 0x00, 0x00, 0x00, 0x00, 0x00, 0x00, // [197] U+2228 LOGICAL OR
  0x00, 0x00, 0x00, 0x00, 0x00, 0x00, 0x00, 0x00, 0x07, 0xC0, 0x08, 0x60, 0x18, 0x30, 0x10, 0x30, 0x10, 0x10, 0x10, 0x10, 0x10, 0x10, 0x10, 0x10, 0x10, 0x10, 0x10, 0x10, 0x00, 0x00, 0x00, 0x00, 0x00, 0x00, 0x00, 0x00, 0x00, 0x00, 0x00, 0x00, // [198] U+2229 INTERSECTION
  0x00, 0x00, 0x00, 0x00, 0x00, 0x00, 0x00, 0x00, 0x10, 0x10, 0x10, 0x10, 0x10, 0x10, 0x10, 0x10, 0x10, 0x10, 0x10, 0x10, 0x10, 0x30, 0x18, 0x20, 0x0C, 0x60, 0x07, 0xC0, 0x00, 0x00, 0x00, 0x00, 0x00, 0x00, 0x00, 0x00, 0x00, 0x00, 0x00, 0x00, // [199] U+222A UNION
  0x00, 0x00, 0x00, 0x00, 0x00, 0x00, 0x01, 0xC0, 0x01, 0x00, 0x01, 0x00, 0x01, 0x00, 0x01, 0x00, 0x01, 0x00, 0x01, 0x00, 0x01, 0x00, 0x01, 0x00, 0x01, 0x00, 0x01, 0x00, 0x01, 0x00, 0x01, 0x00, 0x07, 0x00, 0x06, 0x00, 0x00, 0x00, 0x00, 0x00, // [200] U+222B INTEGRAL
  0x00, 0x00, 0x00, 0x00, 0x00, 0x00, 0x00, 0x00, 0x03, 0x00, 0x03, 0x80, 0x00, 0x00, 0x00, 0x00, 0x00, 0x00, 0x00, 0x00, 0x00, 0x00, 0x00, 0x00, 0x18, 0x30, 0x18, 0x30, 0x00, 0x00, 0x00, 0x00, 0x00, 0x00, 0x00, 0x00, 0x00, 0x00, 0x00, 0x00, // [201] U+2234 THEREFORE
  0x00, 0x00, 0x00, 0x00, 0x00, 0x00, 0x00, 0x00, 0x00, 0x00, 0x00, 0x00, 0x00, 0x00, 0x1F, 0x10, 0x1F, 0xF0, 0x11, 0xE0, 0x00, 0x00, 0x00, 0x00, 0x00, 0x00, 0x00, 0x00, 0x00, 0x00, 0x00, 0x00, 0x00, 0x00, 0x00, 0x00, 0x00, 0x00, 0x00, 0x00, // [202] U+223C TILDE OPERATOR
  0x00, 0x00, 0x00, 0x00, 0x00, 0x00, 0x06, 0x00, 0x0F, 0x30, 0x1F, 0xF0, 0x19, 0xE0, 0x00, 0xC0, 0x1F, 0xF0, 0x1F, 0xF0, 0x00, 0x00, 0x1F, 0xF0, 0x1F, 0xF0, 0x00, 0x00, 0x00, 0x00, 0x00, 0x00, 0x00, 0x00, 0x00, 0x00, 0x00, 0x00, 0x00, 0x00, // [203] U+2245 APPROXIMATELY EQUAL TO
  0x00, 0x00, 0x00, 0x00, 0x00, 0x00, 0x00, 0x00, 0x00, 0x00, 0x00, 0x00, 0x0F, 0x30, 0x1F, 0xF0, 0x19, 0xE0, 0x0F, 0xE0, 0x1F, 0xF0, 0x1B, 0xE0, 0x00, 0xC0, 0x00, 0x00, 0x00, 0x00, 0x00, 0x00, 0x00, 0x00, 0x00, 0x00, 0x00, 0x00, 0x00, 0x00, // [204] U+2248 ALMOST EQUAL TO
  0x00, 0x00, 0x00, 0x00, 0x00, 0x00, 0x00, 0x00, 0x00, 0x00, 0x00, 0xC0, 0x1F, 0xF0, 0x1F, 0xF0, 0x1F, 0xF0, 0x03, 0x80, 0x1F, 0xF0, 0x1F, 0xF0, 0x0E, 0x00, 0x04, 0x00, 0x00, 0x00, 0x00, 0x00, 0x00, 0x00, 0x00, 0x00, 0x00, 0x00, 0x00, 0x00, // [205] U+2260 NOT EQUAL TO
  0x00, 0x00, 0x00, 0x00, 0x00, 0x00, 0x00, 0x00, 0x00, 0x00, 0x1F, 0xF0, 0x1F, 0xF0, 0x00, 0x00, 0x1F, 0xF0, 0x1F, 0xF0, 0x00, 0x00, 0x1F, 0xF0, 0x1F, 0xF0, 0x00, 0x00, 0x00, 0x00, 0x00, 0x00, 0x00, 0x00, 0x00, 0x00, 0x00, 0x00, 0x00, 0x00, // [206] U+2261 IDENTICAL TO
  0x00, 0x00, 0x00, 0x00, 0x00, 0x00, 0x00, 0x00, 0x00, 0x70, 0x03, 0xF0, 0x0F, 0x80, 0x3E, 0x00, 0x1F, 0x80, 0x03, 0xE0, 0x00, 0xF0, 0x00, 0x30, 0x1F, 0xF0, 0x1F, 0xF0, 0x00, 0x00, 0x00, 0x00, 0x00, 0x00, 0x00, 0x00, 0x00, 0x00, 0x00, 0x00, // [207] U+2264 LESS-THAN OR EQUAL TO
  0x00, 0x00, 0x00, 0x00, 0x00, 0x00, 0x00, 0x00, 0x3C, 0x00, 0x1F, 0x00, 0x07, 0xE0, 0x00, 0xF0, 0x03, 0xE0, 0x0F, 0x80, 0x3E, 0x00, 0x10, 0x00, 0x1F, 0xF0, 0x1F, 0xF0, 0x00, 0x00, 0x00, 0x00, 0x00, 0x00, 0x00, 0x00, 0x00, 0x00, 0x00, 0x00, // [208] U+2265 GREATER-THAN OR EQUAL TO
  0x00, 0x00, 0x00, 0x00, 0x00, 0x00, 0x00, 0x00, 0x00, 0x00, 0x03, 0xF0, 0x1F, 0xF0, 0x30, 0x00, 0x20, 0x00, 0x20, 0x00, 0x20, 0x00, 0x20, 0x00, 0x10, 0x00, 0x0F, 0xF0, 0x00, 0x00, 0x00, 0x00, 0x00, 0x00, 0x00, 0x00, 0x00, 0x00, 0x00, 0x00, // [209] U+2282 SUBSET OF
  0x00, 0x00, 0x00, 0x00, 0x00, 0x00, 0x00, 0x00, 0x00, 0x00, 0x3F, 0x00, 0x3F, 0xE0, 0x00, 0x30, 0x00, 0x10, 0x00, 0x10, 0x00, 0x10, 0x00, 0x10, 0x00, 0x20, 0x3F, 0xC0, 0x00, 0x00, 0x00, 0x00, 0x00, 0x00, 0x00, 0x00, 0x00, 0x00, 0x00, 0x00, // [210] U+2283 SUPERSET OF
  0x00, 0x00, 0x00, 0x00, 0x00, 0x00, 0x00, 0x00, 0x00, 0x10, 0x03, 0xF0, 0x0F, 0xF0, 0x10, 0x40, 0x30, 0x80, 0x21, 0x80, 0x21, 0x00, 0x12, 0x00, 0x1E, 0x00, 0x0F, 0xF8, 0x08, 0x00, 0x00, 0x00, 0x00, 0x00, 0x00, 0x00, 0x00, 0x00, 0x00, 0x00, // [211] U+2284 NOT A SUBSET OF
  0x00, 0x00, 0x00, 0x00, 0x00, 0x00, 0x0F, 0xF0, 0x10, 0x00, 0x20, 0x00, 0x20, 0x00, 0x20, 0x00, 0x20, 0x00, 0x30, 0x00, 0x1F, 0xF0, 0x03, 0xF0, 0x00, 0x00, 0x3F, 0xF0, 0x00, 0x00, 0x00, 0x00, 0x00, 0x00, 0x00, 0x00, 0x00, 0x00, 0x00, 0x00, // [212] U+2286 SUBSET OF OR EQUAL TO
  0x00, 0x00, 0x00, 0x00, 0x00, 0x00, 0x3F, 0xC0, 0x00, 0x20, 0x00, 0x10, 0x00, 0x10, 0x00, 0x10, 0x00, 0x10, 0x00, 0x30, 0x3F, 0xE0, 0x3F, 0x80, 0x00, 0x00, 0x3F, 0xF0, 0x00, 0x00, 0x00, 0x00, 0x00, 0x00, 0x00, 0x00, 0x00, 0x00, 0x00, 0x00, // [213] U+2287 SUPERSET OF OR EQUAL TO
  0x00, 0x00, 0x00, 0x00, 0x00, 0x00, 0x00, 0x00, 0x00, 0x00, 0x07, 0xC0, 0x0D, 0x60, 0x19, 0x30, 0x11, 0x10, 0x1F, 0xF0, 0x11, 0x10, 0x19, 0x20, 0x0D, 0x60, 0x07, 0xC0, 0x00, 0x00, 0x00, 0x00, 0x00, 0x00, 0x00, 0x00, 0x00, 0x00, 0x00, 0x00, // [214] U+2295 CIRCLED PLUS
  0x00, 0x00, 0x00, 0x00, 0x00, 0x00, 0x00, 0x00, 0x00, 0x00, 0x07, 0x80, 0x0C, 0xE0, 0x1C, 0xE0, 0x37, 0xB0, 0x33, 0x30, 0x17, 0xB0, 0x1C, 0xE0, 0x0C, 0xE0, 0x07, 0x80, 0x00, 0x00, 0x00, 0x00, 0x00, 0x00, 0x00, 0x00, 0x00, 0x00, 0x00, 0x00, // [215] U+2297 CIRCLED TIMES
  0x00, 0x00, 0x00, 0x00, 0x00, 0x00, 0x00, 0x00, 0x00, 0x00, 0x01, 0x00, 0x01, 0x00, 0x01, 0x00, 0x01, 0x00, 0x01, 0x00, 0x01, 0x00, 0x01, 0x00, 0x01, 0x00, 0x1F, 0xF0, 0x00, 0x00, 0x00, 0x00, 0x00, 0x00, 0x00, 0x00, 0x00, 0x00, 0x00, 0x00, // [216] U+22A5 UP TACK
  0x00, 0x00, 0x00, 0x00, 0x00, 0x00, 0x00, 0x00, 0x00, 0x00, 0x00, 0x00, 0x03, 0x80, 0x03, 0x80, 0x03, 0x80, 0x03, 0x80, 0x00, 0x00, 0x00, 0x00, 0x00, 0x00, 0x00, 0x00, 0x00, 0x00, 0x00, 0x00, 0x00, 0x00, 0x00, 0x00, 0x00, 0x00, 0x00, 0x00, // [217] U+22C5 DOT OPERATOR
  0x03, 0xC0, 0x03, 0xC0, 0x03, 0x00, 0x03, 0x00, 0x03, 0x00, 0x03, 0x00, 0x03, 0x00, 0x03, 0x00, 0x03, 0x00, 0x03, 0x00, 0x03, 0x00, 0x03, 0x00, 0x03, 0x00, 0x03, 0x00, 0x03, 0x00, 0x03, 0x00, 0x03, 0x00, 0x00, 0x00, 0x00, 0x00, 0x00, 0x00, // [218] U+2308 LEFT CEILING
  0x07, 0x80, 0x07, 0x80, 0x01, 0x80, 0x01, 0x80, 0x01, 0x80, 0x01, 0x80, 0x01, 0x80, 0x01, 0x80, 0x01, 0x80, 0x01, 0x80, 0x01, 0x80, 0x01, 0x80, 0x01, 0x80, 0x01, 0x80, 0x01, 0x80, 0x01, 0x80, 0x01, 0x80, 0x00, 0x00, 0x00, 0x00, 0x00, 0x00, // [219] U+2309 RIGHT CEILING
  0x03, 0x00, 0x03, 0x00, 0x03, 0x00, 0x03, 0x00, 0x03, 0x00, 0x03, 0x00, 0x03, 0x00, 0x03, 0x00, 0x03, 0x00, 0x03, 0x00, 0x03, 0x00, 0x03, 0x00, 0x03, 0x00, 0x03, 0x00, 0x03, 0x00, 0x03, 0xC0, 0x03, 0xC0, 0x00, 0x00, 0x00, 0x00, 0x00, 0x00, // [220] U+230A LEFT FLOOR
  0x01, 0x80, 0x01, 0x80, 0x01, 0x80, 0x01, 0x80, 0x01, 0x80, 0x01, 0x80, 0x01, 0x80, 0x01, 0x80, 0x01, 0x80, 0x01, 0x80, 0x01, 0x80, 0x01, 0x80, 0x01, 0x80, 0x01, 0x80, 0x03, 0x80, 0x07, 0x80, 0x07, 0x80, 0x00, 0x00, 0x00, 0x00, 0x00, 0x00, // [221] U+230B RIGHT FLOOR
  0x00, 0x00, 0x00, 0x00, 0x01, 0x00, 0x03, 0x80, 0x06, 0xC0, 0x0C, 0x40, 0x08, 0x60, 0x18, 0x30, 0x30, 0x10, 0x18, 0x30, 0x08, 0x60, 0x0C, 0x40, 0x06, 0xC0, 0x03, 0x80, 0x01, 0x00, 0x00, 0x00, 0x00, 0x00, 0x00, 0x00, 0x00, 0x00, 0x00, 0x00, // [222] U+25CA LOZENGE
  0x00, 0x00, 0x00, 0x00, 0x00, 0x00, 0x00, 0x00, 0x01, 0x00, 0x01, 0x80, 0x03, 0xC0, 0x07, 0xE0, 0x0F, 0xF0, 0x0F, 0xF0, 0x0F, 0xF0, 0x06, 0x60, 0x01, 0x80, 0x07, 0xE0, 0x00, 0x00, 0x00, 0x00, 0x00, 0x00, 0x00, 0x00, 0x00, 0x00, 0x00, 0x00, // [223] U+2660 BLACK SPADE SUIT
  0x00, 0x00, 0x00, 0x00, 0x00, 0x00, 0x00, 0x00, 0x03, 0x80, 0x07, 0xC0, 0x07, 0xC0, 0x1F, 0xF0, 0x3F, 0xF0, 0x3F, 0xF8, 0x3F, 0xF0, 0x1D, 0x60, 0x03, 0x80, 0x0F, 0xC0, 0x00, 0x00, 0x00, 0x00, 0x00, 0x00, 0x00, 0x00, 0x00, 0x00, 0x00, 0x00, // [224] U+2663 BLACK CLUB SUIT
  0x00, 0x00, 0x00, 0x00, 0x00, 0x00, 0x00, 0x00, 0x1E, 0xE0, 0x1F, 0xF0, 0x1F, 0xF0, 0x1F, 0xF0, 0x0F, 0xE0, 0x0F, 0xC0, 0x07, 0xC0, 0x03, 0x80, 0x03, 0x00, 0x01, 0x00, 0x00, 0x00, 0x00, 0x00, 0x00, 0x00, 0x00, 0x00, 0x00, 0x00, 0x00, 0x00, // [225] U+2665 BLACK HEART SUIT
  0x00, 0x00, 0x00, 0x00, 0x00, 0x00, 0x00, 0x00, 0x01, 0x00, 0x03, 0x80, 0x07, 0xC0, 0x07, 0xC0, 0x0F, 0xE0, 0x0F, 0xE0, 0x07, 0xC0, 0x03, 0xC0, 0x03, 0x80, 0x01, 0x00, 0x00, 0x00, 0x00, 0x00, 0x00, 0x00, 0x00, 0x00, 0x00, 0x00, 0x00, 0x00, // [226] U+2666 BLACK DIAMOND SUIT
};

extern const UnicodeGlyphEntry Font20_Ext_Index[] = {
  { 0x00A1, 0 },
  { 0x00A2, 1 },
  { 0x00A3, 2 },
  { 0x00A4, 3 },
  { 0x00A5, 4 },
  { 0x00A6, 5 },
  { 0x00A7, 6 },
  { 0x00A8, 7 },
  { 0x00A9, 8 },
  { 0x00AA, 9 },
  { 0x00AB, 10 },
  { 0x00AC, 11 },
  { 0x00AE, 12 },
  { 0x00AF, 13 },
  { 0x00B0, 14 },
  { 0x00B1, 15 },
  { 0x00B2, 16 },
  { 0x00B3, 17 },
  { 0x00B4, 18 },
  { 0x00B5, 19 },
  { 0x00B6, 20 },
  { 0x00B8, 21 },
  { 0x00B9, 22 },
  { 0x00BA, 23 },
  { 0x00BB, 24 },
  { 0x00BC, 25 },
  { 0x00BD, 26 },
  { 0x00BE, 27 },
  { 0x00BF, 28 },
  { 0x00C0, 29 },
  { 0x00C1, 30 },
  { 0x00C2, 31 },
  { 0x00C3, 32 },
  { 0x00C4, 33 },
  { 0x00C5, 34 },
  { 0x00C6, 35 },
  { 0x00C7, 36 },
  { 0x00C8, 37 },
  { 0x00C9, 38 },
  { 0x00CA, 39 },
  { 0x00CB, 40 },
  { 0x00CC, 41 },
  { 0x00CD, 42 },
  { 0x00CE, 43 },
  { 0x00CF, 44 },
  { 0x00D0, 45 },
  { 0x00D1, 46 },
  { 0x00D2, 47 },
  { 0x00D3, 48 },
  { 0x00D4, 49 },
  { 0x00D5, 50 },
  { 0x00D6, 51 },
  { 0x00D7, 52 },
  { 0x00D8, 53 },
  { 0x00D9, 54 },
  { 0x00DA, 55 },
  { 0x00DB, 56 },
  { 0x00DC, 57 },
  { 0x00DD, 58 },
  { 0x00DE, 59 },
  { 0x00DF, 60 },
  { 0x00E0, 61 },
  { 0x00E1, 62 },
  { 0x00E2, 63 },
  { 0x00E3, 64 },
  { 0x00E4, 65 },
  { 0x00E5, 66 },
  { 0x00E6, 67 },
  { 0x00E7, 68 },
  { 0x00E8, 69 },
  { 0x00E9, 70 },
  { 0x00EA, 71 },
  { 0x00EB, 72 },
  { 0x00EC, 73 },
  { 0x00ED, 74 },
  { 0x00EE, 75 },
  { 0x00EF, 76 },
  { 0x00F0, 77 },
  { 0x00F1, 78 },
  { 0x00F2, 79 },
  { 0x00F3, 80 },
  { 0x00F4, 81 },
  { 0x00F5, 82 },
  { 0x00F6, 83 },
  { 0x00F7, 84 },
  { 0x00F8, 85 },
  { 0x00F9, 86 },
  { 0x00FA, 87 },
  { 0x00FB, 88 },
  { 0x00FC, 89 },
  { 0x00FD, 90 },
  { 0x00FE, 91 },
  { 0x00FF, 92 },
  { 0x0152, 93 },
  { 0x0153, 94 },
  { 0x0160, 95 },
  { 0x0161, 96 },
  { 0x0178, 97 },
  { 0x0192, 98 },
  { 0x02C6, 99 },
  { 0x02DC, 100 },
  { 0x0391, 101 },
  { 0x0392, 102 },
  { 0x0393, 103 },
  { 0x0394, 104 },
  { 0x0395, 105 },
  { 0x0396, 106 },
  { 0x0397, 107 },
  { 0x0398, 108 },
  { 0x0399, 109 },
  { 0x039A, 110 },
  { 0x039B, 111 },
  { 0x039C, 112 },
  { 0x039D, 113 },
  { 0x039E, 114 },
  { 0x039F, 115 },
  { 0x03A0, 116 },
  { 0x03A1, 117 },
  { 0x03A3, 118 },
  { 0x03A4, 119 },
  { 0x03A5, 120 },
  { 0x03A6, 121 },
  { 0x03A7, 122 },
  { 0x03A8, 123 },
  { 0x03A9, 124 },
  { 0x03B1, 125 },
  { 0x03B2, 126 },
  { 0x03B3, 127 },
  { 0x03B4, 128 },
  { 0x03B5, 129 },
  { 0x03B6, 130 },
  { 0x03B7, 131 },
  { 0x03B8, 132 },
  { 0x03B9, 133 },
  { 0x03BA, 134 },
  { 0x03BB, 135 },
  { 0x03BC, 136 },
  { 0x03BD, 137 },
  { 0x03BE, 138 },
  { 0x03BF, 139 },
  { 0x03C0, 140 },
  { 0x03C1, 141 },
  { 0x03C2, 142 },
  { 0x03C3, 143 },
  { 0x03C4, 144 },
  { 0x03C5, 145 },
  { 0x03C6, 146 },
  { 0x03C7, 147 },
  { 0x03C8, 148 },
  { 0x03C9, 149 },
  { 0x03D1, 150 },
  { 0x03D2, 151 },
  { 0x03D6, 152 },
  { 0x2013, 153 },
  { 0x2014, 154 },
  { 0x2018, 155 },
  { 0x2019, 156 },
  { 0x201A, 157 },
  { 0x201C, 158 },
  { 0x201D, 159 },
  { 0x201E, 160 },
  { 0x2020, 161 },
  { 0x2021, 162 },
  { 0x2022, 163 },
  { 0x2026, 164 },
  { 0x2030, 165 },
  { 0x2032, 166 },
  { 0x2033, 167 },
  { 0x2039, 168 },
  { 0x203A, 169 },
  { 0x203E, 170 },
  { 0x2044, 171 },
  { 0x20AC, 172 },
  { 0x2122, 173 },
  { 0x2190, 174 },
  { 0x2191, 175 },
  { 0x2192, 176 },
  { 0x2193, 177 },
  { 0x2194, 178 },
  { 0x21B5, 179 },
  { 0x2200, 180 },
  { 0x2202, 181 },
  { 0x2203, 182 },
  { 0x2205, 183 },
  { 0x2207, 184 },
  { 0x2208, 185 },
  { 0x2209, 186 },
  { 0x220B, 187 },
  { 0x220F, 188 },
  { 0x2211, 189 },
  { 0x2212, 190 },
  { 0x2217, 191 },
  { 0x221A, 192 },
  { 0x221D, 193 },
  { 0x221E, 194 },
  { 0x2220, 195 },
  { 0x2227, 196 },
  { 0x2228, 197 },
  { 0x2229, 198 },
  { 0x222A, 199 },
  { 0x222B, 200 },
  { 0x2234, 201 },
  { 0x223C, 202 },
  { 0x2245, 203 },
  { 0x2248, 204 },
  { 0x2260, 205 },
  { 0x2261, 206 },
  { 0x2264, 207 },
  { 0x2265, 208 },
  { 0x2282, 209 },
  { 0x2283, 210 },
  { 0x2284, 211 },
  { 0x2286, 212 },
  { 0x2287, 213 },
  { 0x2295, 214 },
  { 0x2297, 215 },
  { 0x22A5, 216 },
  { 0x22C5, 217 },
  { 0x2308, 218 },
  { 0x2309, 219 },
  { 0x230A, 220 },
  { 0x230B, 221 },
  { 0x25CA, 222 },
  { 0x2660, 223 },
  { 0x2663, 224 },
  { 0x2665, 225 },
  { 0x2666, 226 },
};
extern const uint16_t Font20_Ext_Count = 227;

// Auto-generated extended glyph bitmaps for Font24.
// Cell 17x24, 3 bytes/row, 72 bytes/glyph.
// Source: NimbusMonoPS-Bold (primary), DejaVu Sans Mono Bold (fallback for a few symbols).
extern const uint8_t Font24_Ext_Table[] = {
  0x00, 0x00, 0x00, 0x00, 0x00, 0x00, 0x00, 0x00, 0x00, 0x00, 0x00, 0x00, 0x00, 0x00, 0x00, 0x00, 0x00, 0x00, 0x00, 0x00, 0x00, 0x00, 0xC0, 0x00, 0x01, 0xE0, 0x00, 0x01, 0xE0, 0x00, 0x00, 0xC0, 0x00, 0x00, 0x00, 0x00, 0x00, 0xC0, 0x00, 0x01, 0xC0, 0x00, 0x01, 0xC0, 0x00, 0x01, 0xE0, 0x00, 0x01, 0xE0, 0x00, 0x01, 0xE0, 0x00, 0x01, 0xE0, 0x00, 0x01, 0xE0, 0x00, 0x01, 0xE0, 0x00, 0x01, 0xC0, 0x00, 0x00, 0x00, 0x00, 0x00, 0x00, 0x00, // [0] U+00A1 INVERTED EXCLAMATION MARK
  0x00, 0x00, 0x00, 0x00, 0x00, 0x00, 0x00, 0xC0, 0x00, 0x00, 0xC0, 0x00, 0x00, 0xC0, 0x00, 0x01, 0xF0, 0x00, 0x07, 0xFC, 0x00, 0x0F, 0xFC, 0x00, 0x0E, 0x1C, 0x00, 0x0E, 0x18, 0x00, 0x0E, 0x00, 0x00, 0x0E, 0x08, 0x00, 0x0F, 0xFC, 0x00, 0x07, 0xF8, 0x00, 0x01, 0xF0, 0x00, 0x00, 0xC0, 0x00, 0x00, 0xC0, 0x00, 0x00, 0xC0, 0x00, 0x00, 0x00, 0x00, 0x00, 0x00, 0x00, 0x00, 0x00, 0x00, 0x00, 0x00, 0x00, 0x00, 0x00, 0x00, 0x00, 0x00, 0x00, // [1] U+00A2 CENT SIGN
  0x00, 0x00, 0x00, 0x00, 0x00, 0x00, 0x00, 0x00, 0x00, 0x00, 0x00, 0x00, 0x03, 0xF0, 0x00, 0x07, 0xF8, 0x00, 0x07, 0x38, 0x00, 0x06, 0x00, 0x00, 0x07, 0x00, 0x00, 0x1F, 0xC0, 0x00, 0x1F, 0xE0, 0x00, 0x1F, 0xC0, 0x00, 0x03, 0x00, 0x00, 0x07, 0x04, 0x00, 0x0F, 0xFE, 0x00, 0x1F, 0xFE, 0x00, 0x1F, 0xFC, 0x00, 0x00, 0x00, 0x00, 0x00, 0x00, 0x00, 0x00, 0x00, 0x00, 0x00, 0x00, 0x00, 0x00, 0x00, 0x00, 0x00, 0x00, 0x00, 0x00, 0x00, 0x00, // [2] U+00A3 POUND SIGN
  0x00, 0x00, 0x00, 0x00, 0x00, 0x00, 0x00, 0x00, 0x00, 0x00, 0x00, 0x00, 0x00, 0x00, 0x00, 0x08, 0x08, 0x00, 0x0F, 0xFC, 0x00, 0x0F, 0xFC, 0x00, 0x07, 0xF8, 0x00, 0x0E, 0x18, 0x00, 0x0E, 0x1C, 0x00, 0x0E, 0x38, 0x00, 0x07, 0xF8, 0x00, 0x0F, 0xFC, 0x00, 0x1F, 0xFC, 0x00, 0x0C, 0x0C, 0x00, 0x00, 0x00, 0x00, 0x00, 0x00, 0x00, 0x00, 0x00, 0x00, 0x00, 0x00, 0x00, 0x00, 0x00, 0x00, 0x00, 0x00, 0x00, 0x00, 0x00, 0x00, 0x00, 0x00, 0x00, // [3] U+00A4 CURRENCY SIGN
  0x00, 0x00, 0x00, 0x00, 0x00, 0x00, 0x00, 0x00, 0x00, 0x00, 0x00, 0x00, 0x1F, 0x3E, 0x00, 0x3F, 0x3E, 0x00, 0x1E, 0x1C, 0x00, 0x07, 0x38, 0x00, 0x07, 0xF0, 0x00, 0x03, 0xF0, 0x00, 0x07, 0xF0, 0x00, 0x07, 0xF8, 0x00, 0x07, 0xF0, 0x00, 0x07, 0xF8, 0x00, 0x03, 0xE0, 0x00, 0x07, 0xF8, 0x00, 0x07, 0xF8, 0x00, 0x00, 0x00, 0x00, 0x00, 0x00, 0x00, 0x00, 0x00, 0x00, 0x00, 0x00, 0x00, 0x00, 0x00, 0x00, 0x00, 0x00, 0x00, 0x00, 0x00, 0x00, // [4] U+00A5 YEN SIGN
  0x00, 0x00, 0x00, 0x00, 0x00, 0x00, 0x00, 0x00, 0x00, 0x00, 0xC0, 0x00, 0x01, 0xC0, 0x00, 0x01, 0xC0, 0x00, 0x01, 0xC0, 0x00, 0x01, 0xC0, 0x00, 0x01, 0xC0, 0x00, 0x01, 0xC0, 0x00, 0x00, 0xC0, 0x00, 0x00, 0x00, 0x00, 0x00, 0x00, 0x00, 0x00, 0xC0, 0x00, 0x01, 0xC0, 0x00, 0x01, 0xC0, 0x00, 0x01, 0xC0, 0x00, 0x01, 0xC0, 0x00, 0x01, 0xC0, 0x00, 0x00, 0xC0, 0x00, 0x00, 0x00, 0x00, 0x00, 0x00, 0x00, 0x00, 0x00, 0x00, 0x00, 0x00, 0x00, // [5] U+00A6 BROKEN BAR
  0x00, 0x00, 0x00, 0x00, 0x00, 0x00, 0x00, 0x00, 0x00, 0x00, 0x00, 0x00, 0x03, 0xFC, 0x00, 0x07, 0xFC, 0x00, 0x07, 0x0C, 0x00, 0x06, 0x0C, 0x00, 0x0F, 0x00, 0x00, 0x1F, 0xC0, 0x00, 0x19, 0xF0, 0x00, 0x1C, 0x7C, 0x00, 0x1F, 0x1E, 0x00, 0x07, 0x8E, 0x00, 0x03, 0xEE, 0x00, 0x00, 0xFE, 0x00, 0x00, 0x3C, 0x00, 0x0C, 0x38, 0x00, 0x0F, 0xF8, 0x00, 0x0F, 0xF0, 0x00, 0x0F, 0xE0, 0x00, 0x00, 0x00, 0x00, 0x00, 0x00, 0x00, 0x00, 0x00, 0x00, // [6] U+00A7 SECTION SIGN
  0x00, 0x00, 0x00, 0x00, 0x00, 0x00, 0x02, 0x10, 0x00, 0x07, 0x38, 0x00, 0x07, 0x38, 0x00, 0x00, 0x00, 0x00, 0x00, 0x00, 0x00, 0x00, 0x00, 0x00, 0x00, 0x00, 0x00, 0x00, 0x00, 0x00, 0x00, 0x00, 0x00, 0x00, 0x00, 0x00, 0x00, 0x00, 0x00, 0x00, 0x00, 0x00, 0x00, 0x00, 0x00, 0x00, 0x00, 0x00, 0x00, 0x00, 0x00, 0x00, 0x00, 0x00, 0x00, 0x00, 0x00, 0x00, 0x00, 0x00, 0x00, 0x00, 0x00, 0x00, 0x00, 0x00, 0x00, 0x00, 0x00, 0x00, 0x00, 0x00, // [7] U+00A8 DIAERESIS
  0x00, 0x00, 0x00, 0x00, 0x00, 0x00, 0x00, 0x00, 0x00, 0x00, 0x00, 0x00, 0x07, 0xF8, 0x00, 0x0F, 0xFC, 0x00, 0x1C, 0xDE, 0x00, 0x3B, 0xF6, 0x00, 0x37, 0x73, 0x00, 0x36, 0x33, 0x00, 0x36, 0x03, 0x00, 0x36, 0x03, 0x00, 0x37, 0xF7, 0x00, 0x3B, 0xF6, 0x00, 0x1C, 0x0E, 0x00, 0x0F, 0xFC, 0x00, 0x07, 0xF0, 0x00, 0x00, 0x00, 0x00, 0x00, 0x00, 0x00, 0x00, 0x00, 0x00, 0x00, 0x00, 0x00, 0x00, 0x00, 0x00, 0x00, 0x00, 0x00, 0x00, 0x00, 0x00, // [8] U+00A9 COPYRIGHT SIGN
  0x00, 0x00, 0x00, 0x00, 0x00, 0x00, 0x00, 0x00, 0x00, 0x00, 0x00, 0x00, 0x07, 0xE0, 0x00, 0x07, 0xF0, 0x00, 0x03, 0xF0, 0x00, 0x07, 0xF0, 0x00, 0x06, 0x30, 0x00, 0x07, 0xF8, 0x00, 0x03, 0xF8, 0x00, 0x00, 0x00, 0x00, 0x00, 0x00, 0x00, 0x00, 0x00, 0x00, 0x00, 0x00, 0x00, 0x00, 0x00, 0x00, 0x00, 0x00, 0x00, 0x00, 0x00, 0x00, 0x00, 0x00, 0x00, 0x00, 0x00, 0x00, 0x00, 0x00, 0x00, 0x00, 0x00, 0x00, 0x00, 0x00, 0x00, 0x00, 0x00, 0x00, // [9] U+00AA FEMININE ORDINAL INDICATOR
  0x00, 0x00, 0x00, 0x00, 0x00, 0x00, 0x00, 0x00, 0x00, 0x00, 0x00, 0x00, 0x00, 0x00, 0x00, 0x00, 0x00, 0x00, 0x00, 0x00, 0x00, 0x00, 0x00, 0x00, 0x00, 0xC6, 0x00, 0x03, 0x9E, 0x00, 0x07, 0x38, 0x00, 0x1E, 0x70, 0x00, 0x1E, 0xF0, 0x00, 0x0F, 0x38, 0x00, 0x03, 0x9C, 0x00, 0x01, 0xCE, 0x00, 0x00, 0x42, 0x00, 0x00, 0x00, 0x00, 0x00, 0x00, 0x00, 0x00, 0x00, 0x00, 0x00, 0x00, 0x00, 0x00, 0x00, 0x00, 0x00, 0x00, 0x00, 0x00, 0x00, 0x00, // [10] U+00AB LEFT-POINTING DOUBLE ANGLE QUOTATION MARK
  0x00, 0x00, 0x00, 0x00, 0x00, 0x00, 0x00, 0x00, 0x00, 0x00, 0x00, 0x00, 0x00, 0x00, 0x00, 0x00, 0x00, 0x00, 0x00, 0x00, 0x00, 0x1F, 0xFC, 0x00, 0x00, 0x04, 0x00, 0x00, 0x04, 0x00, 0x00, 0x04, 0x00, 0x00, 0x04, 0x00, 0x00, 0x04, 0x00, 0x00, 0x00, 0x00, 0x00, 0x00, 0x00, 0x00, 0x00, 0x00, 0x00, 0x00, 0x00, 0x00, 0x00, 0x00, 0x00, 0x00, 0x00, 0x00, 0x00, 0x00, 0x00, 0x00, 0x00, 0x00, 0x00, 0x00, 0x00, 0x00, 0x00, 0x00, 0x00, 0x00, // [11] U+00AC NOT SIGN
  0x00, 0x00, 0x00, 0x00, 0x00, 0x00, 0x00, 0x00, 0x00, 0x00, 0x00, 0x00, 0x07, 0xF0, 0x00, 0x0F, 0xFC, 0x00, 0x1C, 0x0E, 0x00, 0x3F, 0xE6, 0x00, 0x33, 0xF3, 0x00, 0x33, 0xF3, 0x00, 0x33, 0xE3, 0x00, 0x33, 0xE3, 0x00, 0x33, 0xF3, 0x00, 0x3F, 0xBE, 0x00, 0x1C, 0x1E, 0x00, 0x0F, 0xFC, 0x00, 0x07, 0xF0, 0x00, 0x00, 0x00, 0x00, 0x00, 0x00, 0x00, 0x00, 0x00, 0x00, 0x00, 0x00, 0x00, 0x00, 0x00, 0x00, 0x00, 0x00, 0x00, 0x00, 0x00, 0x00, // [12] U+00AE REGISTERED SIGN
  0x00, 0x00, 0x00, 0x00, 0x00, 0x00, 0x00, 0x00, 0x00, 0x07, 0xF8, 0x00, 0x07, 0xF8, 0x00, 0x00, 0x00, 0x00, 0x00, 0x00, 0x00, 0x00, 0x00, 0x00, 0x00, 0x00, 0x00, 0x00, 0x00, 0x00, 0x00, 0x00, 0x00, 0x00, 0x00, 0x00, 0x00, 0x00, 0x00, 0x00, 0x00, 0x00, 0x00, 0x00, 0x00, 0x00, 0x00, 0x00, 0x00, 0x00, 0x00, 0x00, 0x00, 0x00, 0x00, 0x00, 0x00, 0x00, 0x00, 0x00, 0x00, 0x00, 0x00, 0x00, 0x00, 0x00, 0x00, 0x00, 0x00, 0x00, 0x00, 0x00, // [13] U+00AF MACRON
  0x00, 0x00, 0x00, 0x00, 0x00, 0x00, 0x00, 0x00, 0x00, 0x00, 0x00, 0x00, 0x03, 0xE0, 0x00, 0x07, 0x30, 0x00, 0x06, 0x18, 0x00, 0x06, 0x18, 0x00, 0x06, 0x18, 0x00, 0x06, 0x38, 0x00, 0x03, 0xF0, 0x00, 0x01, 0xE0, 0x00, 0x00, 0x00, 0x00, 0x00, 0x00, 0x00, 0x00, 0x00, 0x00, 0x00, 0x00, 0x00, 0x00, 0x00, 0x00, 0x00, 0x00, 0x00, 0x00, 0x00, 0x00, 0x00, 0x00, 0x00, 0x00, 0x00, 0x00, 0x00, 0x00, 0x00, 0x00, 0x00, 0x00, 0x00, 0x00, 0x00, // [14] U+00B0 DEGREE SIGN
  0x00, 0x00, 0x00, 0x00, 0x00, 0x00, 0x00, 0x00, 0x00, 0x00, 0xC0, 0x00, 0x00, 0xC0, 0x00, 0x00, 0xC0, 0x00, 0x00, 0xC0, 0x00, 0x0F, 0xFC, 0x00, 0x1F, 0xFE, 0x00, 0x1F, 0xFE, 0x00, 0x00, 0xC0, 0x00, 0x00, 0xC0, 0x00, 0x00, 0xC0, 0x00, 0x00, 0x00, 0x00, 0x0F, 0xFC, 0x00, 0x1F, 0xFE, 0x00, 0x1F, 0xFE, 0x00, 0x00, 0x00, 0x00, 0x00, 0x00, 0x00, 0x00, 0x00, 0x00, 0x00, 0x00, 0x00, 0x00, 0x00, 0x00, 0x00, 0x00, 0x00, 0x00, 0x00, 0x00, // [15] U+00B1 PLUS-MINUS SIGN
  0x00, 0x00, 0x00, 0x00, 0x00, 0x00, 0x00, 0x00, 0x00, 0x03, 0xE0, 0x00, 0x03, 0x70, 0x00, 0x02, 0x30, 0x00, 0x00, 0x70, 0x00, 0x00, 0xE0, 0x00, 0x01, 0xC0, 0x00, 0x03, 0xB0, 0x00, 0x07, 0xF0, 0x00, 0x03, 0xF0, 0x00, 0x00, 0x00, 0x00, 0x00, 0x00, 0x00, 0x00, 0x00, 0x00, 0x00, 0x00, 0x00, 0x00, 0x00, 0x00, 0x00, 0x00, 0x00, 0x00, 0x00, 0x00, 0x00, 0x00, 0x00, 0x00, 0x00, 0x00, 0x00, 0x00, 0x00, 0x00, 0x00, 0x00, 0x00, 0x00, 0x00, // [16] U+00B2 SUPERSCRIPT TWO
  0x00, 0x00, 0x00, 0x00, 0x00, 0x00, 0x00, 0x00, 0x00, 0x03, 0xE0, 0x00, 0x03, 0x30, 0x00, 0x00, 0x30, 0x00, 0x00, 0xE0, 0x00, 0x00, 0xF0, 0x00, 0x00, 0x30, 0x00, 0x00, 0x30, 0x00, 0x03, 0xF0, 0x00, 0x03, 0xE0, 0x00, 0x00, 0x00, 0x00, 0x00, 0x00, 0x00, 0x00, 0x00, 0x00, 0x00, 0x00, 0x00, 0x00, 0x00, 0x00, 0x00, 0x00, 0x00, 0x00, 0x00, 0x00, 0x00, 0x00, 0x00, 0x00, 0x00, 0x00, 0x00, 0x00, 0x00, 0x00, 0x00, 0x00, 0x00, 0x00, 0x00, // [17] U+00B3 SUPERSCRIPT THREE
  0x00, 0x00, 0x00, 0x00, 0x00, 0x00, 0x00, 0x38, 0x00, 0x00, 0x70, 0x00, 0x00, 0xE0, 0x00, 0x00, 0xC0, 0x00, 0x00, 0x00, 0x00, 0x00, 0x00, 0x00, 0x00, 0x00, 0x00, 0x00, 0x00, 0x00, 0x00, 0x00, 0x00, 0x00, 0x00, 0x00, 0x00, 0x00, 0x00, 0x00, 0x00, 0x00, 0x00, 0x00, 0x00, 0x00, 0x00, 0x00, 0x00, 0x00, 0x00, 0x00, 0x00, 0x00, 0x00, 0x00, 0x00, 0x00, 0x00, 0x00, 0x00, 0x00, 0x00, 0x00, 0x00, 0x00, 0x00, 0x00, 0x00, 0x00, 0x00, 0x00, // [18] U+00B4 ACUTE ACCENT
  0x00, 0x00, 0x00, 0x00, 0x00, 0x00, 0x00, 0x00, 0x00, 0x00, 0x00, 0x00, 0x00, 0x00, 0x00, 0x00, 0x00, 0x00, 0x00, 0x00, 0x00, 0x3E, 0x7C, 0x00, 0x3E, 0x7C, 0x00, 0x1E, 0x7C, 0x00, 0x0E, 0x1C, 0x00, 0x0E, 0x1C, 0x00, 0x0E, 0x1C, 0x00, 0x0E, 0x1C, 0x00, 0x0E, 0x7E, 0x00, 0x0F, 0xFE, 0x00, 0x0F, 0xFE, 0x00, 0x0E, 0x00, 0x00, 0x0E, 0x00, 0x00, 0x0E, 0x00, 0x00, 0x00, 0x00, 0x00, 0x00, 0x00, 0x00, 0x00, 0x00, 0x00, 0x00, 0x00, 0x00, // [19] U+00B5 MICRO SIGN
  0x00, 0x00, 0x00, 0x00, 0x00, 0x00, 0x00, 0x00, 0x00, 0x00, 0x00, 0x00, 0x03, 0xFE, 0x00, 0x0F, 0xFE, 0x00, 0x1F, 0xD8, 0x00, 0x1F, 0xD8, 0x00, 0x1F, 0xD8, 0x00, 0x1F, 0xD8, 0x00, 0x1F, 0xD8, 0x00, 0x0F, 0xD8, 0x00, 0x03, 0xD8, 0x00, 0x00, 0xD8, 0x00, 0x00, 0xD8, 0x00, 0x00, 0xD8, 0x00, 0x00, 0xD8, 0x00, 0x00, 0xD8, 0x00, 0x00, 0xD8, 0x00, 0x07, 0xFE, 0x00, 0x07, 0xFE, 0x00, 0x00, 0x00, 0x00, 0x00, 0x00, 0x00, 0x00, 0x00, 0x00, // [20] U+00B6 PILCROW SIGN
  0x00, 0x00, 0x00, 0x00, 0x00, 0x00, 0x00, 0x00, 0x00, 0x00, 0x00, 0x00, 0x00, 0x00, 0x00, 0x00, 0x00, 0x00, 0x00, 0x00, 0x00, 0x00, 0x00, 0x00, 0x00, 0x00, 0x00, 0x00, 0x00, 0x00, 0x00, 0x00, 0x00, 0x00, 0x00, 0x00, 0x00, 0x00, 0x00, 0x00, 0x00, 0x00, 0x00, 0x00, 0x00, 0x00, 0x00, 0x00, 0x00, 0x00, 0x00, 0x00, 0xC0, 0x00, 0x00, 0xE0, 0x00, 0x00, 0x70, 0x00, 0x03, 0xE0, 0x00, 0x01, 0xE0, 0x00, 0x00, 0x00, 0x00, 0x00, 0x00, 0x00, // [21] U+00B8 CEDILLA
  0x00, 0x00, 0x00, 0x00, 0x00, 0x00, 0x00, 0x00, 0x00, 0x03, 0xC0, 0x00, 0x03, 0xC0, 0x00, 0x00, 0xC0, 0x00, 0x00, 0xC0, 0x00, 0x00, 0xC0, 0x00, 0x00, 0xC0, 0x00, 0x00, 0xC0, 0x00, 0x03, 0xF0, 0x00, 0x03, 0xE0, 0x00, 0x00, 0x00, 0x00, 0x00, 0x00, 0x00, 0x00, 0x00, 0x00, 0x00, 0x00, 0x00, 0x00, 0x00, 0x00, 0x00, 0x00, 0x00, 0x00, 0x00, 0x00, 0x00, 0x00, 0x00, 0x00, 0x00, 0x00, 0x00, 0x00, 0x00, 0x00, 0x00, 0x00, 0x00, 0x00, 0x00, // [22] U+00B9 SUPERSCRIPT ONE
  0x00, 0x00, 0x00, 0x00, 0x00, 0x00, 0x00, 0x00, 0x00, 0x00, 0x00, 0x00, 0x03, 0xE0, 0x00, 0x07, 0xF0, 0x00, 0x06, 0x38, 0x00, 0x06, 0x18, 0x00, 0x07, 0x38, 0x00, 0x03, 0xF0, 0x00, 0x01, 0xE0, 0x00, 0x00, 0x00, 0x00, 0x00, 0x00, 0x00, 0x00, 0x00, 0x00, 0x00, 0x00, 0x00, 0x00, 0x00, 0x00, 0x00, 0x00, 0x00, 0x00, 0x00, 0x00, 0x00, 0x00, 0x00, 0x00, 0x00, 0x00, 0x00, 0x00, 0x00, 0x00, 0x00, 0x00, 0x00, 0x00, 0x00, 0x00, 0x00, 0x00, // [23] U+00BA MASCULINE ORDINAL INDICATOR
  0x00, 0x00, 0x00, 0x00, 0x00, 0x00, 0x00, 0x00, 0x00, 0x00, 0x00, 0x00, 0x00, 0x00, 0x00, 0x00, 0x00, 0x00, 0x00, 0x00, 0x00, 0x00, 0x00, 0x00, 0x18, 0xC0, 0x00, 0x1C, 0x70, 0x00, 0x0F, 0x38, 0x00, 0x03, 0x9E, 0x00, 0x03, 0xDE, 0x00, 0x07, 0x3C, 0x00, 0x0E, 0x70, 0x00, 0x18, 0xE0, 0x00, 0x10, 0x80, 0x00, 0x00, 0x00, 0x00, 0x00, 0x00, 0x00, 0x00, 0x00, 0x00, 0x00, 0x00, 0x00, 0x00, 0x00, 0x00, 0x00, 0x00, 0x00, 0x00, 0x00, 0x00, // [24] U+00BB RIGHT-POINTING DOUBLE ANGLE QUOTATION MARK
  0x00, 0x00, 0x00, 0x00, 0x00, 0x00, 0x0C, 0x00, 0x00, 0x3C, 0x00, 0x00, 0x3C, 0x18, 0x00, 0x0C, 0x18, 0x00, 0x0C, 0x30, 0x00, 0x0C, 0x30, 0x00, 0x0C, 0x60, 0x00, 0x1E, 0x6E, 0x00, 0x3F, 0xCE, 0x00, 0x00, 0xDE, 0x00, 0x01, 0xB6, 0x00, 0x01, 0xB6, 0x00, 0x03, 0x7E, 0x00, 0x02, 0x7E, 0x00, 0x00, 0x0E, 0x00, 0x00, 0x0E, 0x00, 0x00, 0x00, 0x00, 0x00, 0x00, 0x00, 0x00, 0x00, 0x00, 0x00, 0x00, 0x00, 0x00, 0x00, 0x00, 0x00, 0x00, 0x00, // [25] U+00BC VULGAR FRACTION ONE QUARTER
  0x00, 0x00, 0x00, 0x00, 0x00, 0x00, 0x0C, 0x00, 0x00, 0x3C, 0x00, 0x00, 0x3C, 0x18, 0x00, 0x0C, 0x18, 0x00, 0x0C, 0x30, 0x00, 0x0C, 0x60, 0x00, 0x0C, 0x60, 0x00, 0x1E, 0xFE, 0x00, 0x3F, 0xFF, 0x00, 0x01, 0xA3, 0x00, 0x01, 0x87, 0x00, 0x03, 0x0E, 0x00, 0x03, 0x1C, 0x00, 0x02, 0x3B, 0x00, 0x00, 0x3F, 0x00, 0x00, 0x3F, 0x00, 0x00, 0x00, 0x00, 0x00, 0x00, 0x00, 0x00, 0x00, 0x00, 0x00, 0x00, 0x00, 0x00, 0x00, 0x00, 0x00, 0x00, 0x00, // [26] U+00BD VULGAR FRACTION ONE HALF
  0x00, 0x00, 0x00, 0x00, 0x00, 0x00, 0x0C, 0x00, 0x00, 0x1E, 0x00, 0x00, 0x13, 0x18, 0x00, 0x03, 0x18, 0x00, 0x0E, 0x30, 0x00, 0x07, 0x30, 0x00, 0x03, 0x60, 0x00, 0x33, 0x6E, 0x00, 0x3E, 0xCE, 0x00, 0x00, 0xDE, 0x00, 0x01, 0xB6, 0x00, 0x01, 0xB6, 0x00, 0x03, 0x7E, 0x00, 0x02, 0x7E, 0x00, 0x00, 0x0E, 0x00, 0x00, 0x0E, 0x00, 0x00, 0x00, 0x00, 0x00, 0x00, 0x00, 0x00, 0x00, 0x00, 0x00, 0x00, 0x00, 0x00, 0x00, 0x00, 0x00, 0x00, 0x00, // [27] U+00BE VULGAR FRACTION THREE QUARTERS
  0x00, 0x00, 0x00, 0x00, 0x00, 0x00, 0x00, 0x00, 0x00, 0x00, 0x00, 0x00, 0x00, 0x00, 0x00, 0x00, 0x00, 0x00, 0x00, 0x00, 0x00, 0x00, 0x00, 0x00, 0x00, 0xC0, 0x00, 0x01, 0xE0, 0x00, 0x01, 0xE0, 0x00, 0x00, 0x00, 0x00, 0x00, 0x80, 0x00, 0x01, 0xC0, 0x00, 0x03, 0xC0, 0x00, 0x0F, 0xC0, 0x00, 0x0E, 0x00, 0x00, 0x0E, 0x18, 0x00, 0x0E, 0x1C, 0x00, 0x0F, 0xFC, 0x00, 0x07, 0xF8, 0x00, 0x03, 0xF0, 0x00, 0x00, 0x00, 0x00, 0x00, 0x00, 0x00, // [28] U+00BF INVERTED QUESTION MARK
  0x03, 0x80, 0x00, 0x01, 0xC0, 0x00, 0x00, 0xC0, 0x00, 0x00, 0x00, 0x00, 0x0F, 0xE0, 0x00, 0x1F, 0xE0, 0x00, 0x07, 0xE0, 0x00, 0x03, 0xF0, 0x00, 0x07, 0x70, 0x00, 0x07, 0x38, 0x00, 0x07, 0x38, 0x00, 0x0F, 0xFC, 0x00, 0x0F, 0xFC, 0x00, 0x1F, 0xFC, 0x00, 0x1E, 0x1E, 0x00, 0x7F, 0x3F, 0x00, 0x3F, 0x3F, 0x00, 0x00, 0x00, 0x00, 0x00, 0x00, 0x00, 0x00, 0x00, 0x00, 0x00, 0x00, 0x00, 0x00, 0x00, 0x00, 0x00, 0x00, 0x00, 0x00, 0x00, 0x00, // [29] U+00C0 LATIN CAPITAL LETTER A WITH GRAVE
  0x00, 0xE0, 0x00, 0x01, 0xC0, 0x00, 0x01, 0x80, 0x00, 0x00, 0x00, 0x00, 0x0F, 0xE0, 0x00, 0x1F, 0xE0, 0x00, 0x07, 0xE0, 0x00, 0x03, 0xF0, 0x00, 0x07, 0x70, 0x00, 0x07, 0x38, 0x00, 0x07, 0x38, 0x00, 0x0F, 0xFC, 0x00, 0x0F, 0xFC, 0x00, 0x1F, 0xFC, 0x00, 0x1E, 0x1E, 0x00, 0x7F, 0x3F, 0x00, 0x3F, 0x3F, 0x00, 0x00, 0x00, 0x00, 0x00, 0x00, 0x00, 0x00, 0x00, 0x00, 0x00, 0x00, 0x00, 0x00, 0x00, 0x00, 0x00, 0x00, 0x00, 0x00, 0x00, 0x00, // [30] U+00C1 LATIN CAPITAL LETTER A WITH ACUTE
  0x03, 0xE0, 0x00, 0x07, 0x30, 0x00, 0x0C, 0x18, 0x00, 0x00, 0x00, 0x00, 0x0F, 0xE0, 0x00, 0x1F, 0xE0, 0x00, 0x07, 0xE0, 0x00, 0x03, 0xF0, 0x00, 0x07, 0x70, 0x00, 0x07, 0x38, 0x00, 0x07, 0x38, 0x00, 0x0F, 0xFC, 0x00, 0x0F, 0xFC, 0x00, 0x1F, 0xFC, 0x00, 0x1E, 0x1E, 0x00, 0x7F, 0x3F, 0x00, 0x3F, 0x3F, 0x00, 0x00, 0x00, 0x00, 0x00, 0x00, 0x00, 0x00, 0x00, 0x00, 0x00, 0x00, 0x00, 0x00, 0x00, 0x00, 0x00, 0x00, 0x00, 0x00, 0x00, 0x00, // [31] U+00C2 LATIN CAPITAL LETTER A WITH CIRCUMFLEX
  0x07, 0xF8, 0x00, 0x0C, 0xF0, 0x00, 0x00, 0x20, 0x00, 0x00, 0x00, 0x00, 0x0F, 0xE0, 0x00, 0x1F, 0xE0, 0x00, 0x07, 0xE0, 0x00, 0x03, 0xF0, 0x00, 0x07, 0x70, 0x00, 0x07, 0x38, 0x00, 0x07, 0x38, 0x00, 0x0F, 0xFC, 0x00, 0x0F, 0xFC, 0x00, 0x1F, 0xFC, 0x00, 0x1E, 0x1E, 0x00, 0x7F, 0x3F, 0x00, 0x3F, 0x3F, 0x00, 0x00, 0x00, 0x00, 0x00, 0x00, 0x00, 0x00, 0x00, 0x00, 0x00, 0x00, 0x00, 0x00, 0x00, 0x00, 0x00, 0x00, 0x00, 0x00, 0x00, 0x00, // [32] U+00C3 LATIN CAPITAL LETTER A WITH TILDE
  0x07, 0x70, 0x00, 0x06, 0x30, 0x00, 0x00, 0x00, 0x00, 0x00, 0x00, 0x00, 0x0F, 0xE0, 0x00, 0x1F, 0xE0, 0x00, 0x07, 0xE0, 0x00, 0x03, 0xF0, 0x00, 0x07, 0x70, 0x00, 0x07, 0x38, 0x00, 0x07, 0x38, 0x00, 0x0F, 0xFC, 0x00, 0x0F, 0xFC, 0x00, 0x1F, 0xFC, 0x00, 0x1E, 0x1E, 0x00, 0x7F, 0x3F, 0x00, 0x3F, 0x3F, 0x00, 0x00, 0x00, 0x00, 0x00, 0x00, 0x00, 0x00, 0x00, 0x00, 0x00, 0x00, 0x00, 0x00, 0x00, 0x00, 0x00, 0x00, 0x00, 0x00, 0x00, 0x00, // [33] U+00C4 LATIN CAPITAL LETTER A WITH DIAERESIS
  0x06, 0x30, 0x00, 0x03, 0x60, 0x00, 0x01, 0xC0, 0x00, 0x00, 0x00, 0x00, 0x0F, 0xE0, 0x00, 0x1F, 0xE0, 0x00, 0x07, 0xE0, 0x00, 0x03, 0xF0, 0x00, 0x07, 0x70, 0x00, 0x07, 0x38, 0x00, 0x07, 0x38, 0x00, 0x0F, 0xFC, 0x00, 0x0F, 0xFC, 0x00, 0x1F, 0xFC, 0x00, 0x1E, 0x1E, 0x00, 0x7F, 0x3F, 0x00, 0x3F, 0x3F, 0x00, 0x00, 0x00, 0x00, 0x00, 0x00, 0x00, 0x00, 0x00, 0x00, 0x00, 0x00, 0x00, 0x00, 0x00, 0x00, 0x00, 0x00, 0x00, 0x00, 0x00, 0x00, // [34] U+00C5 LATIN CAPITAL LETTER A WITH RING ABOVE
  0x00, 0x00, 0x00, 0x00, 0x00, 0x00, 0x00, 0x00, 0x00, 0x00, 0x00, 0x00, 0x0F, 0xFF, 0x00, 0x0F, 0xFF, 0x00, 0x07, 0xFF, 0x00, 0x07, 0xE7, 0x00, 0x07, 0xFF, 0x00, 0x06, 0xF8, 0x00, 0x0E, 0xF8, 0x00, 0x0F, 0xF8, 0x00, 0x0F, 0xF8, 0x00, 0x1F, 0xE3, 0x00, 0x1C, 0xFF, 0x00, 0x7F, 0xFF, 0x00, 0x3F, 0xFF, 0x00, 0x00, 0x00, 0x00, 0x00, 0x00, 0x00, 0x00, 0x00, 0x00, 0x00, 0x00, 0x00, 0x00, 0x00, 0x00, 0x00, 0x00, 0x00, 0x00, 0x00, 0x00, // [35] U+00C6 LATIN CAPITAL LETTER AE
  0x00, 0x00, 0x00, 0x00, 0x00, 0x00, 0x00, 0x00, 0x00, 0x00, 0x00, 0x00, 0x03, 0xFE, 0x00, 0x0F, 0xFE, 0x00, 0x0F, 0x1E, 0x00, 0x1C, 0x0E, 0x00, 0x1C, 0x0E, 0x00, 0x18, 0x00, 0x00, 0x18, 0x00, 0x00, 0x18, 0x00, 0x00, 0x18, 0x00, 0x00, 0x1C, 0x06, 0x00, 0x1F, 0x0E, 0x00, 0x0F, 0xFE, 0x00, 0x03, 0xFC, 0x00, 0x00, 0xC0, 0x00, 0x00, 0xE0, 0x00, 0x00, 0x70, 0x00, 0x03, 0xF0, 0x00, 0x01, 0xE0, 0x00, 0x00, 0x00, 0x00, 0x00, 0x00, 0x00, // [36] U+00C7 LATIN CAPITAL LETTER C WITH CEDILLA
  0x03, 0x80, 0x00, 0x01, 0xC0, 0x00, 0x00, 0x40, 0x00, 0x00, 0x00, 0x00, 0x3F, 0xFC, 0x00, 0x3F, 0xFC, 0x00, 0x1F, 0xFC, 0x00, 0x0E, 0x0C, 0x00, 0x0E, 0xEC, 0x00, 0x0F, 0xE0, 0x00, 0x0F, 0xE0, 0x00, 0x0F, 0xE0, 0x00, 0x0E, 0xEE, 0x00, 0x0E, 0x0E, 0x00, 0x0F, 0xFE, 0x00, 0x3F, 0xFE, 0x00, 0x3F, 0xFE, 0x00, 0x00, 0x00, 0x00, 0x00, 0x00, 0x00, 0x00, 0x00, 0x00, 0x00, 0x00, 0x00, 0x00, 0x00, 0x00, 0x00, 0x00, 0x00, 0x00, 0x00, 0x00, // [37] U+00C8 LATIN CAPITAL LETTER E WITH GRAVE
  0x00, 0xE0, 0x00, 0x01, 0xC0, 0x00, 0x01, 0x80, 0x00, 0x00, 0x00, 0x00, 0x3F, 0xFC, 0x00, 0x3F, 0xFC, 0x00, 0x1F, 0xFC, 0x00, 0x0E, 0x0C, 0x00, 0x0E, 0xEC, 0x00, 0x0F, 0xE0, 0x00, 0x0F, 0xE0, 0x00, 0x0F, 0xE0, 0x00, 0x0E, 0xEE, 0x00, 0x0E, 0x0E, 0x00, 0x0F, 0xFE, 0x00, 0x3F, 0xFE, 0x00, 0x3F, 0xFE, 0x00, 0x00, 0x00, 0x00, 0x00, 0x00, 0x00, 0x00, 0x00, 0x00, 0x00, 0x00, 0x00, 0x00, 0x00, 0x00, 0x00, 0x00, 0x00, 0x00, 0x00, 0x00, // [38] U+00C9 LATIN CAPITAL LETTER E WITH ACUTE
  0x03, 0xF0, 0x00, 0x07, 0x38, 0x00, 0x04, 0x18, 0x00, 0x00, 0x00, 0x00, 0x3F, 0xFC, 0x00, 0x3F, 0xFC, 0x00, 0x1F, 0xFC, 0x00, 0x0E, 0x0C, 0x00, 0x0E, 0xEC, 0x00, 0x0F, 0xE0, 0x00, 0x0F, 0xE0, 0x00, 0x0F, 0xE0, 0x00, 0x0E, 0xEE, 0x00, 0x0E, 0x0E, 0x00, 0x0F, 0xFE, 0x00, 0x3F, 0xFE, 0x00, 0x3F, 0xFE, 0x00, 0x00, 0x00, 0x00, 0x00, 0x00, 0x00, 0x00, 0x00, 0x00, 0x00, 0x00, 0x00, 0x00, 0x00, 0x00, 0x00, 0x00, 0x00, 0x00, 0x00, 0x00, // [39] U+00CA LATIN CAPITAL LETTER E WITH CIRCUMFLEX
  0x07, 0x38, 0x00, 0x07, 0x30, 0x00, 0x00, 0x00, 0x00, 0x00, 0x00, 0x00, 0x3F, 0xFC, 0x00, 0x3F, 0xFC, 0x00, 0x1F, 0xFC, 0x00, 0x0E, 0x0C, 0x00, 0x0E, 0xEC, 0x00, 0x0F, 0xE0, 0x00, 0x0F, 0xE0, 0x00, 0x0F, 0xE0, 0x00, 0x0E, 0xEE, 0x00, 0x0E, 0x0E, 0x00, 0x0F, 0xFE, 0x00, 0x3F, 0xFE, 0x00, 0x3F, 0xFE, 0x00, 0x00, 0x00, 0x00, 0x00, 0x00, 0x00, 0x00, 0x00, 0x00, 0x00, 0x00, 0x00, 0x00, 0x00, 0x00, 0x00, 0x00, 0x00, 0x00, 0x00, 0x00, // [40] U+00CB LATIN CAPITAL LETTER E WITH DIAERESIS
  0x03, 0xC0, 0x00, 0x01, 0xE0, 0x00, 0x00, 0x60, 0x00, 0x00, 0x00, 0x00, 0x0F, 0xFC, 0x00, 0x0F, 0xFC, 0x00, 0x07, 0xF8, 0x00, 0x00, 0xC0, 0x00, 0x00, 0xC0, 0x00, 0x00, 0xC0, 0x00, 0x00, 0xC0, 0x00, 0x00, 0xC0, 0x00, 0x00, 0xC0, 0x00, 0x00, 0xC0, 0x00, 0x07, 0xF8, 0x00, 0x0F, 0xFC, 0x00, 0x0F, 0xFC, 0x00, 0x00, 0x00, 0x00, 0x00, 0x00, 0x00, 0x00, 0x00, 0x00, 0x00, 0x00, 0x00, 0x00, 0x00, 0x00, 0x00, 0x00, 0x00, 0x00, 0x00, 0x00, // [41] U+00CC LATIN CAPITAL LETTER I WITH GRAVE
  0x00, 0x70, 0x00, 0x00, 0xE0, 0x00, 0x00, 0xC0, 0x00, 0x00, 0x00, 0x00, 0x0F, 0xFC, 0x00, 0x0F, 0xFC, 0x00, 0x07, 0xF8, 0x00, 0x00, 0xC0, 0x00, 0x00, 0xC0, 0x00, 0x00, 0xC0, 0x00, 0x00, 0xC0, 0x00, 0x00, 0xC0, 0x00, 0x00, 0xC0, 0x00, 0x00, 0xC0, 0x00, 0x07, 0xF8, 0x00, 0x0F, 0xFC, 0x00, 0x0F, 0xFC, 0x00, 0x00, 0x00, 0x00, 0x00, 0x00, 0x00, 0x00, 0x00, 0x00, 0x00, 0x00, 0x00, 0x00, 0x00, 0x00, 0x00, 0x00, 0x00, 0x00, 0x00, 0x00, // [42] U+00CD LATIN CAPITAL LETTER I WITH ACUTE
  0x03, 0xF0, 0x00, 0x07, 0x38, 0x00, 0x06, 0x18, 0x00, 0x00, 0x00, 0x00, 0x0F, 0xFC, 0x00, 0x0F, 0xFC, 0x00, 0x07, 0xF8, 0x00, 0x00, 0xC0, 0x00, 0x00, 0xC0, 0x00, 0x00, 0xC0, 0x00, 0x00, 0xC0, 0x00, 0x00, 0xC0, 0x00, 0x00, 0xC0, 0x00, 0x00, 0xC0, 0x00, 0x07, 0xF8, 0x00, 0x0F, 0xFC, 0x00, 0x0F, 0xFC, 0x00, 0x00, 0x00, 0x00, 0x00, 0x00, 0x00, 0x00, 0x00, 0x00, 0x00, 0x00, 0x00, 0x00, 0x00, 0x00, 0x00, 0x00, 0x00, 0x00, 0x00, 0x00, // [43] U+00CE LATIN CAPITAL LETTER I WITH CIRCUMFLEX
  0x07, 0x38, 0x00, 0x07, 0x38, 0x00, 0x00, 0x00, 0x00, 0x00, 0x00, 0x00, 0x0F, 0xFC, 0x00, 0x0F, 0xFC, 0x00, 0x07, 0xF8, 0x00, 0x00, 0xC0, 0x00, 0x00, 0xC0, 0x00, 0x00, 0xC0, 0x00, 0x00, 0xC0, 0x00, 0x00, 0xC0, 0x00, 0x00, 0xC0, 0x00, 0x00, 0xC0, 0x00, 0x07, 0xF8, 0x00, 0x0F, 0xFC, 0x00, 0x0F, 0xFC, 0x00, 0x00, 0x00, 0x00, 0x00, 0x00, 0x00, 0x00, 0x00, 0x00, 0x00, 0x00, 0x00, 0x00, 0x00, 0x00, 0x00, 0x00, 0x00, 0x00, 0x00, 0x00, // [44] U+00CF LATIN CAPITAL LETTER I WITH DIAERESIS
  0x00, 0x00, 0x00, 0x00, 0x00, 0x00, 0x00, 0x00, 0x00, 0x00, 0x00, 0x00, 0x3F, 0xE0, 0x00, 0x3F, 0xF8, 0x00, 0x1F, 0xFC, 0x00, 0x1C, 0x1C, 0x00, 0x1C, 0x0E, 0x00, 0x3F, 0x8E, 0x00, 0x3F, 0x8E, 0x00, 0x3F, 0x8E, 0x00, 0x1C, 0x0E, 0x00, 0x1C, 0x1C, 0x00, 0x1F, 0xFC, 0x00, 0x3F, 0xF8, 0x00, 0x3F, 0xF0, 0x00, 0x00, 0x00, 0x00, 0x00, 0x00, 0x00, 0x00, 0x00, 0x00, 0x00, 0x00, 0x00, 0x00, 0x00, 0x00, 0x00, 0x00, 0x00, 0x00, 0x00, 0x00, // [45] U+00D0 LATIN CAPITAL LETTER ETH
  0x07, 0xD8, 0x00, 0x0E, 0xF8, 0x00, 0x00, 0x20, 0x00, 0x00, 0x00, 0x00, 0x3C, 0x3F, 0x00, 0x3E, 0x7F, 0x00, 0x1F, 0x1E, 0x00, 0x1F, 0x8C, 0x00, 0x1F, 0x8C, 0x00, 0x1F, 0xCC, 0x00, 0x1D, 0xEC, 0x00, 0x1C, 0xFC, 0x00, 0x1C, 0x7C, 0x00, 0x1C, 0x7C, 0x00, 0x1E, 0x3C, 0x00, 0x3F, 0x1C, 0x00, 0x3F, 0x1C, 0x00, 0x00, 0x00, 0x00, 0x00, 0x00, 0x00, 0x00, 0x00, 0x00, 0x00, 0x00, 0x00, 0x00, 0x00, 0x00, 0x00, 0x00, 0x00, 0x00, 0x00, 0x00, // [46] U+00D1 LATIN CAPITAL LETTER N WITH TILDE
  0x03, 0xC0, 0x00, 0x00, 0xE0, 0x00, 0x00, 0x60, 0x00, 0x00, 0x00, 0x00, 0x03, 0xF0, 0x00, 0x0F, 0xFC, 0x00, 0x1E, 0x3C, 0x00, 0x1C, 0x0E, 0x00, 0x18, 0x0E, 0x00, 0x38, 0x06, 0x00, 0x38, 0x07, 0x00, 0x38, 0x06, 0x00, 0x1C, 0x0E, 0x00, 0x1C, 0x0E, 0x00, 0x0F, 0x3C, 0x00, 0x0F, 0xF8, 0x00, 0x03, 0xF0, 0x00, 0x00, 0x00, 0x00, 0x00, 0x00, 0x00, 0x00, 0x00, 0x00, 0x00, 0x00, 0x00, 0x00, 0x00, 0x00, 0x00, 0x00, 0x00, 0x00, 0x00, 0x00, // [47] U+00D2 LATIN CAPITAL LETTER O WITH GRAVE
  0x00, 0xE0, 0x00, 0x01, 0xC0, 0x00, 0x01, 0x80, 0x00, 0x00, 0x00, 0x00, 0x03, 0xF0, 0x00, 0x0F, 0xFC, 0x00, 0x1E, 0x3C, 0x00, 0x1C, 0x0E, 0x00, 0x18, 0x0E, 0x00, 0x38, 0x06, 0x00, 0x38, 0x07, 0x00, 0x38, 0x06, 0x00, 0x1C, 0x0E, 0x00, 0x1C, 0x0E, 0x00, 0x0F, 0x3C, 0x00, 0x0F, 0xF8, 0x00, 0x03, 0xF0, 0x00, 0x00, 0x00, 0x00, 0x00, 0x00, 0x00, 0x00, 0x00, 0x00, 0x00, 0x00, 0x00, 0x00, 0x00, 0x00, 0x00, 0x00, 0x00, 0x00, 0x00, 0x00, // [48] U+00D3 LATIN CAPITAL LETTER O WITH ACUTE
  0x03, 0xF0, 0x00, 0x07, 0x38, 0x00, 0x06, 0x18, 0x00, 0x00, 0x00, 0x00, 0x03, 0xF0, 0x00, 0x0F, 0xFC, 0x00, 0x1E, 0x3C, 0x00, 0x1C, 0x0E, 0x00, 0x18, 0x0E, 0x00, 0x38, 0x06, 0x00, 0x38, 0x07, 0x00, 0x38, 0x06, 0x00, 0x1C, 0x0E, 0x00, 0x1C, 0x0E, 0x00, 0x0F, 0x3C, 0x00, 0x0F, 0xF8, 0x00, 0x03, 0xF0, 0x00, 0x00, 0x00, 0x00, 0x00, 0x00, 0x00, 0x00, 0x00, 0x00, 0x00, 0x00, 0x00, 0x00, 0x00, 0x00, 0x00, 0x00, 0x00, 0x00, 0x00, 0x00, // [49] U+00D4 LATIN CAPITAL LETTER O WITH CIRCUMFLEX
  0x07, 0xF8, 0x00, 0x06, 0xF8, 0x00, 0x00, 0x00, 0x00, 0x00, 0x00, 0x00, 0x03, 0xF0, 0x00, 0x0F, 0xFC, 0x00, 0x1E, 0x3C, 0x00, 0x1C, 0x0E, 0x00, 0x18, 0x0E, 0x00, 0x38, 0x06, 0x00, 0x38, 0x07, 0x00, 0x38, 0x06, 0x00, 0x1C, 0x0E, 0x00, 0x1C, 0x0E, 0x00, 0x0F, 0x3C, 0x00, 0x0F, 0xF8, 0x00, 0x03, 0xF0, 0x00, 0x00, 0x00, 0x00, 0x00, 0x00, 0x00, 0x00, 0x00, 0x00, 0x00, 0x00, 0x00, 0x00, 0x00, 0x00, 0x00, 0x00, 0x00, 0x00, 0x00, 0x00, // [50] U+00D5 LATIN CAPITAL LETTER O WITH TILDE
  0x07, 0x38, 0x00, 0x07, 0x38, 0x00, 0x00, 0x00, 0x00, 0x00, 0x00, 0x00, 0x03, 0xF0, 0x00, 0x0F, 0xFC, 0x00, 0x1E, 0x3C, 0x00, 0x1C, 0x0E, 0x00, 0x18, 0x0E, 0x00, 0x38, 0x06, 0x00, 0x38, 0x07, 0x00, 0x38, 0x06, 0x00, 0x1C, 0x0E, 0x00, 0x1C, 0x0E, 0x00, 0x0F, 0x3C, 0x00, 0x0F, 0xF8, 0x00, 0x03, 0xF0, 0x00, 0x00, 0x00, 0x00, 0x00, 0x00, 0x00, 0x00, 0x00, 0x00, 0x00, 0x00, 0x00, 0x00, 0x00, 0x00, 0x00, 0x00, 0x00, 0x00, 0x00, 0x00, // [51] U+00D6 LATIN CAPITAL LETTER O WITH DIAERESIS
  0x00, 0x00, 0x00, 0x00, 0x00, 0x00, 0x00, 0x00, 0x00, 0x00, 0x00, 0x00, 0x00, 0x00, 0x00, 0x00, 0x00, 0x00, 0x04, 0x18, 0x00, 0x0E, 0x3C, 0x00, 0x07, 0x78, 0x00, 0x03, 0xF0, 0x00, 0x01, 0xE0, 0x00, 0x03, 0xF0, 0x00, 0x07, 0xF8, 0x00, 0x0F, 0x3C, 0x00, 0x0E, 0x1C, 0x00, 0x00, 0x00, 0x00, 0x00, 0x00, 0x00, 0x00, 0x00, 0x00, 0x00, 0x00, 0x00, 0x00, 0x00, 0x00, 0x00, 0x00, 0x00, 0x00, 0x00, 0x00, 0x00, 0x00, 0x00, 0x00, 0x00, 0x00, // [52] U+00D7 MULTIPLICATION SIGN
  0x00, 0x00, 0x00, 0x00, 0x00, 0x00, 0x00, 0x00, 0x00, 0x00, 0x07, 0x00, 0x03, 0xFF, 0x00, 0x0F, 0xFE, 0x00, 0x1E, 0x3C, 0x00, 0x1C, 0x3E, 0x00, 0x18, 0x7E, 0x00, 0x38, 0xE6, 0x00, 0x39, 0xE7, 0x00, 0x39, 0xC6, 0x00, 0x1F, 0x8E, 0x00, 0x1F, 0x0E, 0x00, 0x1F, 0x3C, 0x00, 0x1F, 0xF8, 0x00, 0x3F, 0xF0, 0x00, 0x38, 0x00, 0x00, 0x10, 0x00, 0x00, 0x00, 0x00, 0x00, 0x00, 0x00, 0x00, 0x00, 0x00, 0x00, 0x00, 0x00, 0x00, 0x00, 0x00, 0x00, // [53] U+00D8 LATIN CAPITAL LETTER O WITH STROKE
  0x03, 0xC0, 0x00, 0x00, 0xE0, 0x00, 0x00, 0x60, 0x00, 0x00, 0x00, 0x00, 0x3F, 0x3F, 0x00, 0x3F, 0x7F, 0x00, 0x1E, 0x1E, 0x00, 0x1C, 0x0C, 0x00, 0x1C, 0x0C, 0x00, 0x1C, 0x0C, 0x00, 0x1C, 0x0C, 0x00, 0x1C, 0x0C, 0x00, 0x1C, 0x0C, 0x00, 0x0C, 0x1C, 0x00, 0x0F, 0x3C, 0x00, 0x07, 0xF8, 0x00, 0x03, 0xF0, 0x00, 0x00, 0x00, 0x00, 0x00, 0x00, 0x00, 0x00, 0x00, 0x00, 0x00, 0x00, 0x00, 0x00, 0x00, 0x00, 0x00, 0x00, 0x00, 0x00, 0x00, 0x00, // [54] U+00D9 LATIN CAPITAL LETTER U WITH GRAVE
  0x00, 0xE0, 0x00, 0x01, 0xC0, 0x00, 0x01, 0x80, 0x00, 0x00, 0x00, 0x00, 0x3F, 0x3F, 0x00, 0x3F, 0x7F, 0x00, 0x1E, 0x1E, 0x00, 0x1C, 0x0C, 0x00, 0x1C, 0x0C, 0x00, 0x1C, 0x0C, 0x00, 0x1C, 0x0C, 0x00, 0x1C, 0x0C, 0x00, 0x1C, 0x0C, 0x00, 0x0C, 0x1C, 0x00, 0x0F, 0x3C, 0x00, 0x07, 0xF8, 0x00, 0x03, 0xF0, 0x00, 0x00, 0x00, 0x00, 0x00, 0x00, 0x00, 0x00, 0x00, 0x00, 0x00, 0x00, 0x00, 0x00, 0x00, 0x00, 0x00, 0x00, 0x00, 0x00, 0x00, 0x00, // [55] U+00DA LATIN CAPITAL LETTER U WITH ACUTE
  0x03, 0xF0, 0x00, 0x07, 0x38, 0x00, 0x06, 0x18, 0x00, 0x00, 0x00, 0x00, 0x3F, 0x3F, 0x00, 0x3F, 0x7F, 0x00, 0x1E, 0x1E, 0x00, 0x1C, 0x0C, 0x00, 0x1C, 0x0C, 0x00, 0x1C, 0x0C, 0x00, 0x1C, 0x0C, 0x00, 0x1C, 0x0C, 0x00, 0x1C, 0x0C, 0x00, 0x0C, 0x1C, 0x00, 0x0F, 0x3C, 0x00, 0x07, 0xF8, 0x00, 0x03, 0xF0, 0x00, 0x00, 0x00, 0x00, 0x00, 0x00, 0x00, 0x00, 0x00, 0x00, 0x00, 0x00, 0x00, 0x00, 0x00, 0x00, 0x00, 0x00, 0x00, 0x00, 0x00, 0x00, // [56] U+00DB LATIN CAPITAL LETTER U WITH CIRCUMFLEX
  0x07, 0x38, 0x00, 0x07, 0x38, 0x00, 0x00, 0x00, 0x00, 0x00, 0x00, 0x00, 0x3F, 0x3F, 0x00, 0x3F, 0x7F, 0x00, 0x1E, 0x1E, 0x00, 0x1C, 0x0C, 0x00, 0x1C, 0x0C, 0x00, 0x1C, 0x0C, 0x00, 0x1C, 0x0C, 0x00, 0x1C, 0x0C, 0x00, 0x1C, 0x0C, 0x00, 0x0C, 0x1C, 0x00, 0x0F, 0x3C, 0x00, 0x07, 0xF8, 0x00, 0x03, 0xF0, 0x00, 0x00, 0x00, 0x00, 0x00, 0x00, 0x00, 0x00, 0x00, 0x00, 0x00, 0x00, 0x00, 0x00, 0x00, 0x00, 0x00, 0x00, 0x00, 0x00, 0x00, 0x00, // [57] U+00DC LATIN CAPITAL LETTER U WITH DIAERESIS
  0x00, 0xF0, 0x00, 0x01, 0xC0, 0x00, 0x01, 0x80, 0x00, 0x00, 0x00, 0x00, 0x1E, 0x3E, 0x00, 0x3F, 0x3E, 0x00, 0x1E, 0x3C, 0x00, 0x07, 0x38, 0x00, 0x07, 0xF8, 0x00, 0x03, 0xF0, 0x00, 0x01, 0xE0, 0x00, 0x01, 0xC0, 0x00, 0x00, 0xC0, 0x00, 0x00, 0xC0, 0x00, 0x03, 0xF0, 0x00, 0x07, 0xF8, 0x00, 0x07, 0xF8, 0x00, 0x00, 0x00, 0x00, 0x00, 0x00, 0x00, 0x00, 0x00, 0x00, 0x00, 0x00, 0x00, 0x00, 0x00, 0x00, 0x00, 0x00, 0x00, 0x00, 0x00, 0x00, // [58] U+00DD LATIN CAPITAL LETTER Y WITH ACUTE
  0x00, 0x00, 0x00, 0x00, 0x00, 0x00, 0x00, 0x00, 0x00, 0x00, 0x00, 0x00, 0x3F, 0xC0, 0x00, 0x3F, 0xC0, 0x00, 0x0F, 0x80, 0x00, 0x0F, 0xF0, 0x00, 0x0F, 0xF8, 0x00, 0x0F, 0xFC, 0x00, 0x0E, 0x1C, 0x00, 0x0F, 0xFC, 0x00, 0x0F, 0xF8, 0x00, 0x0F, 0xF0, 0x00, 0x0F, 0x80, 0x00, 0x3F, 0xC0, 0x00, 0x3F, 0xC0, 0x00, 0x00, 0x00, 0x00, 0x00, 0x00, 0x00, 0x00, 0x00, 0x00, 0x00, 0x00, 0x00, 0x00, 0x00, 0x00, 0x00, 0x00, 0x00, 0x00, 0x00, 0x00, // [59] U+00DE LATIN CAPITAL LETTER THORN
  0x00, 0x00, 0x00, 0x00, 0x00, 0x00, 0x00, 0x00, 0x00, 0x03, 0xC0, 0x00, 0x07, 0xE0, 0x00, 0x0F, 0xF0, 0x00, 0x0E, 0x30, 0x00, 0x0E, 0x70, 0x00, 0x3F, 0xF0, 0x00, 0x3F, 0xF8, 0x00, 0x1E, 0xF8, 0x00, 0x0E, 0x1C, 0x00, 0x0E, 0x1C, 0x00, 0x0E, 0xCC, 0x00, 0x0E, 0xDC, 0x00, 0x3E, 0xFC, 0x00, 0x3E, 0xF8, 0x00, 0x00, 0x00, 0x00, 0x00, 0x00, 0x00, 0x00, 0x00, 0x00, 0x00, 0x00, 0x00, 0x00, 0x00, 0x00, 0x00, 0x00, 0x00, 0x00, 0x00, 0x00, // [60] U+00DF LATIN SMALL LETTER SHARP S
  0x00, 0x00, 0x00, 0x00, 0x00, 0x00, 0x07, 0x00, 0x00, 0x03, 0x80, 0x00, 0x01, 0xC0, 0x00, 0x00, 0xC0, 0x00, 0x00, 0x00, 0x00, 0x07, 0xF0, 0x00, 0x0F, 0xF8, 0x00, 0x0F, 0xF8, 0x00, 0x01, 0xF8, 0x00, 0x0F, 0xF8, 0x00, 0x1F, 0xF8, 0x00, 0x1C, 0x18, 0x00, 0x1C, 0x7C, 0x00, 0x1F, 0xFE, 0x00, 0x0F, 0xFE, 0x00, 0x01, 0x00, 0x00, 0x00, 0x00, 0x00, 0x00, 0x00, 0x00, 0x00, 0x00, 0x00, 0x00, 0x00, 0x00, 0x00, 0x00, 0x00, 0x00, 0x00, 0x00, // [61] U+00E0 LATIN SMALL LETTER A WITH GRAVE
  0x00, 0x00, 0x00, 0x00, 0x10, 0x00, 0x00, 0x30, 0x00, 0x00, 0xF0, 0x00, 0x01, 0xC0, 0x00, 0x01, 0x80, 0x00, 0x00, 0x00, 0x00, 0x07, 0xF0, 0x00, 0x0F, 0xF8, 0x00, 0x0F, 0xF8, 0x00, 0x01, 0xF8, 0x00, 0x0F, 0xF8, 0x00, 0x1F, 0xF8, 0x00, 0x1C, 0x18, 0x00, 0x1C, 0x7C, 0x00, 0x1F, 0xFE, 0x00, 0x0F, 0xFE, 0x00, 0x01, 0x00, 0x00, 0x00, 0x00, 0x00, 0x00, 0x00, 0x00, 0x00, 0x00, 0x00, 0x00, 0x00, 0x00, 0x00, 0x00, 0x00, 0x00, 0x00, 0x00, // [62] U+00E1 LATIN SMALL LETTER A WITH ACUTE
  0x00, 0x00, 0x00, 0x00, 0x00, 0x00, 0x01, 0xC0, 0x00, 0x03, 0xE0, 0x00, 0x07, 0x70, 0x00, 0x0E, 0x18, 0x00, 0x00, 0x00, 0x00, 0x07, 0xF0, 0x00, 0x0F, 0xF8, 0x00, 0x0F, 0xF8, 0x00, 0x01, 0xF8, 0x00, 0x0F, 0xF8, 0x00, 0x1F, 0xF8, 0x00, 0x1C, 0x18, 0x00, 0x1C, 0x7C, 0x00, 0x1F, 0xFE, 0x00, 0x0F, 0xFE, 0x00, 0x01, 0x00, 0x00, 0x00, 0x00, 0x00, 0x00, 0x00, 0x00, 0x00, 0x00, 0x00, 0x00, 0x00, 0x00, 0x00, 0x00, 0x00, 0x00, 0x00, 0x00, // [63] U+00E2 LATIN SMALL LETTER A WITH CIRCUMFLEX
  0x00, 0x00, 0x00, 0x00, 0x00, 0x00, 0x03, 0x08, 0x00, 0x07, 0xD8, 0x00, 0x0E, 0xF0, 0x00, 0x04, 0x20, 0x00, 0x00, 0x00, 0x00, 0x07, 0xF0, 0x00, 0x0F, 0xF8, 0x00, 0x0F, 0xF8, 0x00, 0x01, 0xF8, 0x00, 0x0F, 0xF8, 0x00, 0x1F, 0xF8, 0x00, 0x1C, 0x18, 0x00, 0x1C, 0x7C, 0x00, 0x1F, 0xFE, 0x00, 0x0F, 0xFE, 0x00, 0x01, 0x00, 0x00, 0x00, 0x00, 0x00, 0x00, 0x00, 0x00, 0x00, 0x00, 0x00, 0x00, 0x00, 0x00, 0x00, 0x00, 0x00, 0x00, 0x00, 0x00, // [64] U+00E3 LATIN SMALL LETTER A WITH TILDE
  0x00, 0x00, 0x00, 0x00, 0x00, 0x00, 0x02, 0x30, 0x00, 0x07, 0x38, 0x00, 0x07, 0x30, 0x00, 0x00, 0x00, 0x00, 0x00, 0x00, 0x00, 0x07, 0xF0, 0x00, 0x0F, 0xF8, 0x00, 0x0F, 0xF8, 0x00, 0x01, 0xF8, 0x00, 0x0F, 0xF8, 0x00, 0x1F, 0xF8, 0x00, 0x1C, 0x18, 0x00, 0x1C, 0x7C, 0x00, 0x1F, 0xFE, 0x00, 0x0F, 0xFE, 0x00, 0x01, 0x00, 0x00, 0x00, 0x00, 0x00, 0x00, 0x00, 0x00, 0x00, 0x00, 0x00, 0x00, 0x00, 0x00, 0x00, 0x00, 0x00, 0x00, 0x00, 0x00, // [65] U+00E4 LATIN SMALL LETTER A WITH DIAERESIS
  0x00, 0x00, 0x00, 0x01, 0xE0, 0x00, 0x03, 0x60, 0x00, 0x02, 0x30, 0x00, 0x03, 0x30, 0x00, 0x03, 0xE0, 0x00, 0x00, 0x80, 0x00, 0x07, 0xF0, 0x00, 0x0F, 0xF8, 0x00, 0x0F, 0xF8, 0x00, 0x01, 0xF8, 0x00, 0x0F, 0xF8, 0x00, 0x1F, 0xF8, 0x00, 0x1C, 0x18, 0x00, 0x1C, 0x7C, 0x00, 0x1F, 0xFE, 0x00, 0x0F, 0xFE, 0x00, 0x01, 0x00, 0x00, 0x00, 0x00, 0x00, 0x00, 0x00, 0x00, 0x00, 0x00, 0x00, 0x00, 0x00, 0x00, 0x00, 0x00, 0x00, 0x00, 0x00, 0x00, // [66] U+00E5 LATIN SMALL LETTER A WITH RING ABOVE
  0x00, 0x00, 0x00, 0x00, 0x00, 0x00, 0x00, 0x00, 0x00, 0x00, 0x00, 0x00, 0x00, 0x00, 0x00, 0x00, 0x00, 0x00, 0x00, 0x00, 0x00, 0x0F, 0xBC, 0x00, 0x1F, 0xFE, 0x00, 0x1D, 0xFF, 0x00, 0x07, 0xE7, 0x00, 0x1F, 0xFF, 0x00, 0x3F, 0xFF, 0x00, 0x70, 0xE0, 0x00, 0x39, 0xE3, 0x00, 0x3F, 0xFF, 0x00, 0x1F, 0xFF, 0x00, 0x04, 0x00, 0x00, 0x00, 0x00, 0x00, 0x00, 0x00, 0x00, 0x00, 0x00, 0x00, 0x00, 0x00, 0x00, 0x00, 0x00, 0x00, 0x00, 0x00, 0x00, // [67] U+00E6 LATIN SMALL LETTER AE
  0x00, 0x00, 0x00, 0x00, 0x00, 0x00, 0x00, 0x00, 0x00, 0x00, 0x00, 0x00, 0x00, 0x00, 0x00, 0x00, 0x00, 0x00, 0x00, 0x00, 0x00, 0x03, 0xFC, 0x00, 0x07, 0xFE, 0x00, 0x0F, 0xFE, 0x00, 0x1C, 0x0E, 0x00, 0x1C, 0x0C, 0x00, 0x1C, 0x00, 0x00, 0x1C, 0x00, 0x00, 0x1E, 0x0E, 0x00, 0x0F, 0xFE, 0x00, 0x07, 0xFC, 0x00, 0x00, 0xE0, 0x00, 0x00, 0xE0, 0x00, 0x00, 0x70, 0x00, 0x03, 0xF0, 0x00, 0x01, 0xE0, 0x00, 0x00, 0x00, 0x00, 0x00, 0x00, 0x00, // [68] U+00E7 LATIN SMALL LETTER C WITH CEDILLA
  0x00, 0x00, 0x00, 0x00, 0x00, 0x00, 0x07, 0x00, 0x00, 0x03, 0x80, 0x00, 0x01, 0xC0, 0x00, 0x00, 0xE0, 0x00, 0x00, 0x00, 0x00, 0x03, 0xF0, 0x00, 0x0F, 0xF8, 0x00, 0x1F, 0xFC, 0x00, 0x1C, 0x1E, 0x00, 0x1F, 0xFE, 0x00, 0x1F, 0xFE, 0x00, 0x1C, 0x00, 0x00, 0x1E, 0x0C, 0x00, 0x0F, 0xFE, 0x00, 0x07, 0xFC, 0x00, 0x00, 0x00, 0x00, 0x00, 0x00, 0x00, 0x00, 0x00, 0x00, 0x00, 0x00, 0x00, 0x00, 0x00, 0x00, 0x00, 0x00, 0x00, 0x00, 0x00, 0x00, // [69] U+00E8 LATIN SMALL LETTER E WITH GRAVE
  0x00, 0x00, 0x00, 0x00, 0x00, 0x00, 0x00, 0x38, 0x00, 0x00, 0x70, 0x00, 0x01, 0xE0, 0x00, 0x01, 0x80, 0x00, 0x00, 0x00, 0x00, 0x03, 0xF0, 0x00, 0x0F, 0xF8, 0x00, 0x1F, 0xFC, 0x00, 0x1C, 0x1E, 0x00, 0x1F, 0xFE, 0x00, 0x1F, 0xFE, 0x00, 0x1C, 0x00, 0x00, 0x1E, 0x0C, 0x00, 0x0F, 0xFE, 0x00, 0x07, 0xFC, 0x00, 0x00, 0x00, 0x00, 0x00, 0x00, 0x00, 0x00, 0x00, 0x00, 0x00, 0x00, 0x00, 0x00, 0x00, 0x00, 0x00, 0x00, 0x00, 0x00, 0x00, 0x00, // [70] U+00E9 LATIN SMALL LETTER E WITH ACUTE
  0x00, 0x00, 0x00, 0x00, 0x00, 0x00, 0x00, 0xC0, 0x00, 0x03, 0xF0, 0x00, 0x07, 0x38, 0x00, 0x06, 0x18, 0x00, 0x00, 0x00, 0x00, 0x03, 0xF0, 0x00, 0x0F, 0xF8, 0x00, 0x1F, 0xFC, 0x00, 0x1C, 0x1E, 0x00, 0x1F, 0xFE, 0x00, 0x1F, 0xFE, 0x00, 0x1C, 0x00, 0x00, 0x1E, 0x0C, 0x00, 0x0F, 0xFE, 0x00, 0x07, 0xFC, 0x00, 0x00, 0x00, 0x00, 0x00, 0x00, 0x00, 0x00, 0x00, 0x00, 0x00, 0x00, 0x00, 0x00, 0x00, 0x00, 0x00, 0x00, 0x00, 0x00, 0x00, 0x00, // [71] U+00EA LATIN SMALL LETTER E WITH CIRCUMFLEX
  0x00, 0x00, 0x00, 0x00, 0x00, 0x00, 0x02, 0x10, 0x00, 0x07, 0x38, 0x00, 0x07, 0x38, 0x00, 0x00, 0x00, 0x00, 0x00, 0x00, 0x00, 0x03, 0xF0, 0x00, 0x0F, 0xF8, 0x00, 0x1F, 0xFC, 0x00, 0x1C, 0x1E, 0x00, 0x1F, 0xFE, 0x00, 0x1F, 0xFE, 0x00, 0x1C, 0x00, 0x00, 0x1E, 0x0C, 0x00, 0x0F, 0xFE, 0x00, 0x07, 0xFC, 0x00, 0x00, 0x00, 0x00, 0x00, 0x00, 0x00, 0x00, 0x00, 0x00, 0x00, 0x00, 0x00, 0x00, 0x00, 0x00, 0x00, 0x00, 0x00, 0x00, 0x00, 0x00, // [72] U+00EB LATIN SMALL LETTER E WITH DIAERESIS
  0x00, 0x00, 0x00, 0x00, 0x00, 0x00, 0x07, 0x00, 0x00, 0x03, 0x80, 0x00, 0x01, 0xC0, 0x00, 0x00, 0xC0, 0x00, 0x00, 0x00, 0x00, 0x07, 0xC0, 0x00, 0x0F, 0xC0, 0x00, 0x07, 0xC0, 0x00, 0x00, 0xC0, 0x00, 0x00, 0xC0, 0x00, 0x00, 0xC0, 0x00, 0x00, 0xC0, 0x00, 0x07, 0xF8, 0x00, 0x1F, 0xFE, 0x00, 0x1F, 0xFC, 0x00, 0x00, 0x00, 0x00, 0x00, 0x00, 0x00, 0x00, 0x00, 0x00, 0x00, 0x00, 0x00, 0x00, 0x00, 0x00, 0x00, 0x00, 0x00, 0x00, 0x00, 0x00, // [73] U+00EC LATIN SMALL LETTER I WITH GRAVE
  0x00, 0x00, 0x00, 0x00, 0x00, 0x00, 0x00, 0x70, 0x00, 0x00, 0xE0, 0x00, 0x01, 0xC0, 0x00, 0x01, 0x80, 0x00, 0x00, 0x00, 0x00, 0x07, 0xC0, 0x00, 0x0F, 0xC0, 0x00, 0x07, 0xC0, 0x00, 0x00, 0xC0, 0x00, 0x00, 0xC0, 0x00, 0x00, 0xC0, 0x00, 0x00, 0xC0, 0x00, 0x07, 0xF8, 0x00, 0x1F, 0xFE, 0x00, 0x1F, 0xFC, 0x00, 0x00, 0x00, 0x00, 0x00, 0x00, 0x00, 0x00, 0x00, 0x00, 0x00, 0x00, 0x00, 0x00, 0x00, 0x00, 0x00, 0x00, 0x00, 0x00, 0x00, 0x00, // [74] U+00ED LATIN SMALL LETTER I WITH ACUTE
  0x00, 0x00, 0x00, 0x00, 0x00, 0x00, 0x01, 0xC0, 0x00, 0x03, 0xE0, 0x00, 0x07, 0x70, 0x00, 0x0E, 0x38, 0x00, 0x00, 0x00, 0x00, 0x07, 0xC0, 0x00, 0x0F, 0xC0, 0x00, 0x07, 0xC0, 0x00, 0x00, 0xC0, 0x00, 0x00, 0xC0, 0x00, 0x00, 0xC0, 0x00, 0x00, 0xC0, 0x00, 0x07, 0xF8, 0x00, 0x1F, 0xFE, 0x00, 0x1F, 0xFC, 0x00, 0x00, 0x00, 0x00, 0x00, 0x00, 0x00, 0x00, 0x00, 0x00, 0x00, 0x00, 0x00, 0x00, 0x00, 0x00, 0x00, 0x00, 0x00, 0x00, 0x00, 0x00, // [75] U+00EE LATIN SMALL LETTER I WITH CIRCUMFLEX
  0x00, 0x00, 0x00, 0x00, 0x00, 0x00, 0x06, 0x30, 0x00, 0x07, 0x70, 0x00, 0x06, 0x30, 0x00, 0x00, 0x00, 0x00, 0x00, 0x00, 0x00, 0x07, 0xC0, 0x00, 0x0F, 0xC0, 0x00, 0x07, 0xC0, 0x00, 0x00, 0xC0, 0x00, 0x00, 0xC0, 0x00, 0x00, 0xC0, 0x00, 0x00, 0xC0, 0x00, 0x07, 0xF8, 0x00, 0x1F, 0xFE, 0x00, 0x1F, 0xFC, 0x00, 0x00, 0x00, 0x00, 0x00, 0x00, 0x00, 0x00, 0x00, 0x00, 0x00, 0x00, 0x00, 0x00, 0x00, 0x00, 0x00, 0x00, 0x00, 0x00, 0x00, 0x00, // [76] U+00EF LATIN SMALL LETTER I WITH DIAERESIS
  0x00, 0x00, 0x00, 0x00, 0x00, 0x00, 0x00, 0x10, 0x00, 0x07, 0xF0, 0x00, 0x03, 0xE0, 0x00, 0x07, 0xF0, 0x00, 0x06, 0x38, 0x00, 0x03, 0xFC, 0x00, 0x0F, 0xFC, 0x00, 0x0F, 0x3E, 0x00, 0x1C, 0x0E, 0x00, 0x1C, 0x0E, 0x00, 0x1C, 0x0E, 0x00, 0x1C, 0x0E, 0x00, 0x1E, 0x1C, 0x00, 0x0F, 0xFC, 0x00, 0x07, 0xF0, 0x00, 0x00, 0x00, 0x00, 0x00, 0x00, 0x00, 0x00, 0x00, 0x00, 0x00, 0x00, 0x00, 0x00, 0x00, 0x00, 0x00, 0x00, 0x00, 0x00, 0x00, 0x00, // [77] U+00F0 LATIN SMALL LETTER ETH
  0x00, 0x00, 0x00, 0x00, 0x00, 0x00, 0x03, 0x08, 0x00, 0x07, 0xD8, 0x00, 0x0E, 0xF0, 0x00, 0x04, 0x20, 0x00, 0x00, 0x00, 0x00, 0x1F, 0xF0, 0x00, 0x1F, 0xF8, 0x00, 0x1F, 0xFC, 0x00, 0x0E, 0x1C, 0x00, 0x0E, 0x1C, 0x00, 0x0E, 0x1C, 0x00, 0x0E, 0x1C, 0x00, 0x0E, 0x1C, 0x00, 0x3F, 0x3E, 0x00, 0x1F, 0x3E, 0x00, 0x00, 0x00, 0x00, 0x00, 0x00, 0x00, 0x00, 0x00, 0x00, 0x00, 0x00, 0x00, 0x00, 0x00, 0x00, 0x00, 0x00, 0x00, 0x00, 0x00, 0x00, // [78] U+00F1 LATIN SMALL LETTER N WITH TILDE
  0x00, 0x00, 0x00, 0x00, 0x00, 0x00, 0x07, 0x00, 0x00, 0x03, 0x80, 0x00, 0x01, 0xC0, 0x00, 0x00, 0xE0, 0x00, 0x00, 0x00, 0x00, 0x03, 0xF0, 0x00, 0x0F, 0xF8, 0x00, 0x0F, 0xFC, 0x00, 0x1C, 0x0E, 0x00, 0x1C, 0x0E, 0x00, 0x1C, 0x0E, 0x00, 0x1C, 0x0E, 0x00, 0x1E, 0x1C, 0x00, 0x0F, 0xFC, 0x00, 0x07, 0xF0, 0x00, 0x00, 0x00, 0x00, 0x00, 0x00, 0x00, 0x00, 0x00, 0x00, 0x00, 0x00, 0x00, 0x00, 0x00, 0x00, 0x00, 0x00, 0x00, 0x00, 0x00, 0x00, // [79] U+00F2 LATIN SMALL LETTER O WITH GRAVE
  0x00, 0x00, 0x00, 0x00, 0x00, 0x00, 0x00, 0x38, 0x00, 0x00, 0x70, 0x00, 0x01, 0xE0, 0x00, 0x01, 0x80, 0x00, 0x00, 0x00, 0x00, 0x03, 0xF0, 0x00, 0x0F, 0xF8, 0x00, 0x0F, 0xFC, 0x00, 0x1C, 0x0E, 0x00, 0x1C, 0x0E, 0x00, 0x1C, 0x0E, 0x00, 0x1C, 0x0E, 0x00, 0x1E, 0x1C, 0x00, 0x0F, 0xFC, 0x00, 0x07, 0xF0, 0x00, 0x00, 0x00, 0x00, 0x00, 0x00, 0x00, 0x00, 0x00, 0x00, 0x00, 0x00, 0x00, 0x00, 0x00, 0x00, 0x00, 0x00, 0x00, 0x00, 0x00, 0x00, // [80] U+00F3 LATIN SMALL LETTER O WITH ACUTE
  0x00, 0x00, 0x00, 0x00, 0x00, 0x00, 0x00, 0xC0, 0x00, 0x03, 0xE0, 0x00, 0x07, 0x38, 0x00, 0x06, 0x18, 0x00, 0x00, 0x00, 0x00, 0x03, 0xF0, 0x00, 0x0F, 0xF8, 0x00, 0x0F, 0xFC, 0x00, 0x1C, 0x0E, 0x00, 0x1C, 0x0E, 0x00, 0x1C, 0x0E, 0x00, 0x1C, 0x0E, 0x00, 0x1E, 0x1C, 0x00, 0x0F, 0xFC, 0x00, 0x07, 0xF0, 0x00, 0x00, 0x00, 0x00, 0x00, 0x00, 0x00, 0x00, 0x00, 0x00, 0x00, 0x00, 0x00, 0x00, 0x00, 0x00, 0x00, 0x00, 0x00, 0x00, 0x00, 0x00, // [81] U+00F4 LATIN SMALL LETTER O WITH CIRCUMFLEX
  0x00, 0x00, 0x00, 0x00, 0x00, 0x00, 0x01, 0x08, 0x00, 0x07, 0xD8, 0x00, 0x06, 0xF8, 0x00, 0x04, 0x20, 0x00, 0x00, 0x00, 0x00, 0x03, 0xF0, 0x00, 0x0F, 0xF8, 0x00, 0x0F, 0xFC, 0x00, 0x1C, 0x0E, 0x00, 0x1C, 0x0E, 0x00, 0x1C, 0x0E, 0x00, 0x1C, 0x0E, 0x00, 0x1E, 0x1C, 0x00, 0x0F, 0xFC, 0x00, 0x07, 0xF0, 0x00, 0x00, 0x00, 0x00, 0x00, 0x00, 0x00, 0x00, 0x00, 0x00, 0x00, 0x00, 0x00, 0x00, 0x00, 0x00, 0x00, 0x00, 0x00, 0x00, 0x00, 0x00, // [82] U+00F5 LATIN SMALL LETTER O WITH TILDE
  0x00, 0x00, 0x00, 0x00, 0x00, 0x00, 0x02, 0x10, 0x00, 0x07, 0x38, 0x00, 0x07, 0x38, 0x00, 0x00, 0x00, 0x00, 0x00, 0x00, 0x00, 0x03, 0xF0, 0x00, 0x0F, 0xF8, 0x00, 0x0F, 0xFC, 0x00, 0x1C, 0x0E, 0x00, 0x1C, 0x0E, 0x00, 0x1C, 0x0E, 0x00, 0x1C, 0x0E, 0x00, 0x1E, 0x1C, 0x00, 0x0F, 0xFC, 0x00, 0x07, 0xF0, 0x00, 0x00, 0x00, 0x00, 0x00, 0x00, 0x00, 0x00, 0x00, 0x00, 0x00, 0x00, 0x00, 0x00, 0x00, 0x00, 0x00, 0x00, 0x00, 0x00, 0x00, 0x00, // [83] U+00F6 LATIN SMALL LETTER O WITH DIAERESIS
  0x00, 0x00, 0x00, 0x00, 0x00, 0x00, 0x00, 0x00, 0x00, 0x00, 0x00, 0x00, 0x00, 0x00, 0x00, 0x00, 0xC0, 0x00, 0x01, 0xE0, 0x00, 0x01, 0xE0, 0x00, 0x00, 0x00, 0x00, 0x0F, 0xFC, 0x00, 0x1F, 0xFE, 0x00, 0x1F, 0xFE, 0x00, 0x00, 0x00, 0x00, 0x00, 0xC0, 0x00, 0x01, 0xE0, 0x00, 0x01, 0xE0, 0x00, 0x00, 0x80, 0x00, 0x00, 0x00, 0x00, 0x00, 0x00, 0x00, 0x00, 0x00, 0x00, 0x00, 0x00, 0x00, 0x00, 0x00, 0x00, 0x00, 0x00, 0x00, 0x00, 0x00, 0x00, // [84] U+00F7 DIVISION SIGN
  0x00, 0x00, 0x00, 0x00, 0x00, 0x00, 0x00, 0x00, 0x00, 0x00, 0x00, 0x00, 0x00, 0x00, 0x00, 0x00, 0x00, 0x00, 0x00, 0x06, 0x00, 0x03, 0xFE, 0x00, 0x0F, 0xFE, 0x00, 0x0F, 0xFC, 0x00, 0x1C, 0x7E, 0x00, 0x1C, 0xEE, 0x00, 0x1D, 0xCE, 0x00, 0x1F, 0x8E, 0x00, 0x1F, 0x1C, 0x00, 0x0F, 0xFC, 0x00, 0x1F, 0xF0, 0x00, 0x38, 0x80, 0x00, 0x10, 0x00, 0x00, 0x00, 0x00, 0x00, 0x00, 0x00, 0x00, 0x00, 0x00, 0x00, 0x00, 0x00, 0x00, 0x00, 0x00, 0x00, // [85] U+00F8 LATIN SMALL LETTER O WITH STROKE
  0x00, 0x00, 0x00, 0x00, 0x00, 0x00, 0x07, 0x00, 0x00, 0x03, 0x80, 0x00, 0x01, 0xC0, 0x00, 0x00, 0xE0, 0x00, 0x00, 0x00, 0x00, 0x1E, 0x7C, 0x00, 0x3E, 0x7C, 0x00, 0x1E, 0x3C, 0x00, 0x0E, 0x1C, 0x00, 0x0E, 0x1C, 0x00, 0x0E, 0x1C, 0x00, 0x0E, 0x1C, 0x00, 0x0E, 0x3C, 0x00, 0x0F, 0xFE, 0x00, 0x07, 0xFE, 0x00, 0x00, 0x00, 0x00, 0x00, 0x00, 0x00, 0x00, 0x00, 0x00, 0x00, 0x00, 0x00, 0x00, 0x00, 0x00, 0x00, 0x00, 0x00, 0x00, 0x00, 0x00, // [86] U+00F9 LATIN SMALL LETTER U WITH GRAVE
  0x00, 0x00, 0x00, 0x00, 0x10, 0x00, 0x00, 0x30, 0x00, 0x00, 0xF0, 0x00, 0x01, 0xC0, 0x00, 0x01, 0x80, 0x00, 0x00, 0x00, 0x00, 0x1E, 0x7C, 0x00, 0x3E, 0x7C, 0x00, 0x1E, 0x3C, 0x00, 0x0E, 0x1C, 0x00, 0x0E, 0x1C, 0x00, 0x0E, 0x1C, 0x00, 0x0E, 0x1C, 0x00, 0x0E, 0x3C, 0x00, 0x0F, 0xFE, 0x00, 0x07, 0xFE, 0x00, 0x00, 0x00, 0x00, 0x00, 0x00, 0x00, 0x00, 0x00, 0x00, 0x00, 0x00, 0x00, 0x00, 0x00, 0x00, 0x00, 0x00, 0x00, 0x00, 0x00, 0x00, // [87] U+00FA LATIN SMALL LETTER U WITH ACUTE
  0x00, 0x00, 0x00, 0x00, 0x00, 0x00, 0x01, 0xC0, 0x00, 0x03, 0xE0, 0x00, 0x07, 0x38, 0x00, 0x06, 0x18, 0x00, 0x00, 0x00, 0x00, 0x1E, 0x7C, 0x00, 0x3E, 0x7C, 0x00, 0x1E, 0x3C, 0x00, 0x0E, 0x1C, 0x00, 0x0E, 0x1C, 0x00, 0x0E, 0x1C, 0x00, 0x0E, 0x1C, 0x00, 0x0E, 0x3C, 0x00, 0x0F, 0xFE, 0x00, 0x07, 0xFE, 0x00, 0x00, 0x00, 0x00, 0x00, 0x00, 0x00, 0x00, 0x00, 0x00, 0x00, 0x00, 0x00, 0x00, 0x00, 0x00, 0x00, 0x00, 0x00, 0x00, 0x00, 0x00, // [88] U+00FB LATIN SMALL LETTER U WITH CIRCUMFLEX
  0x00, 0x00, 0x00, 0x00, 0x00, 0x00, 0x02, 0x10, 0x00, 0x07, 0x38, 0x00, 0x07, 0x38, 0x00, 0x00, 0x00, 0x00, 0x00, 0x00, 0x00, 0x1E, 0x7C, 0x00, 0x3E, 0x7C, 0x00, 0x1E, 0x3C, 0x00, 0x0E, 0x1C, 0x00, 0x0E, 0x1C, 0x00, 0x0E, 0x1C, 0x00, 0x0E, 0x1C, 0x00, 0x0E, 0x3C, 0x00, 0x0F, 0xFE, 0x00, 0x07, 0xFE, 0x00, 0x00, 0x00, 0x00, 0x00, 0x00, 0x00, 0x00, 0x00, 0x00, 0x00, 0x00, 0x00, 0x00, 0x00, 0x00, 0x00, 0x00, 0x00, 0x00, 0x00, 0x00, // [89] U+00FC LATIN SMALL LETTER U WITH DIAERESIS
  0x00, 0x00, 0x00, 0x00, 0x00, 0x00, 0x00, 0x38, 0x00, 0x00, 0x70, 0x00, 0x00, 0xE0, 0x00, 0x00, 0xC0, 0x00, 0x00, 0x00, 0x00, 0x1E, 0x3E, 0x00, 0x3F, 0x3F, 0x00, 0x1E, 0x1E, 0x00, 0x0E, 0x1C, 0x00, 0x0F, 0x38, 0x00, 0x07, 0x38, 0x00, 0x03, 0xF0, 0x00, 0x03, 0xF0, 0x00, 0x01, 0xE0, 0x00, 0x01, 0xE0, 0x00, 0x01, 0xC0, 0x00, 0x03, 0x80, 0x00, 0x1F, 0xC0, 0x00, 0x3F, 0xE0, 0x00, 0x1F, 0xC0, 0x00, 0x00, 0x00, 0x00, 0x00, 0x00, 0x00, // [90] U+00FD LATIN SMALL LETTER Y WITH ACUTE
  0x00, 0x00, 0x00, 0x00, 0x00, 0x00, 0x00, 0x00, 0x00, 0x3C, 0x00, 0x00, 0x3C, 0x00, 0x00, 0x3C, 0x00, 0x00, 0x1C, 0x00, 0x00, 0x1D, 0xF0, 0x00, 0x1F, 0xFC, 0x00, 0x1F, 0xFE, 0x00, 0x1E, 0x0E, 0x00, 0x1C, 0x06, 0x00, 0x1C, 0x0E, 0x00, 0x1E, 0x0E, 0x00, 0x1F, 0xFE, 0x00, 0x1F, 0xFC, 0x00, 0x1D, 0xF0, 0x00, 0x1C, 0x00, 0x00, 0x1C, 0x00, 0x00, 0x3F, 0x80, 0x00, 0x3F, 0x80, 0x00, 0x3F, 0x00, 0x00, 0x00, 0x00, 0x00, 0x00, 0x00, 0x00, // [91] U+00FE LATIN SMALL LETTER THORN
  0x00, 0x00, 0x00, 0x00, 0x00, 0x00, 0x02, 0x10, 0x00, 0x07, 0x38, 0x00, 0x07, 0x38, 0x00, 0x00, 0x00, 0x00, 0x00, 0x00, 0x00, 0x1E, 0x3E, 0x00, 0x3F, 0x3F, 0x00, 0x1E, 0x1E, 0x00, 0x0E, 0x1C, 0x00, 0x0F, 0x38, 0x00, 0x07, 0x38, 0x00, 0x03, 0xF0, 0x00, 0x03, 0xF0, 0x00, 0x01, 0xE0, 0x00, 0x01, 0xE0, 0x00, 0x01, 0xC0, 0x00, 0x03, 0x80, 0x00, 0x1F, 0xC0, 0x00, 0x3F, 0xE0, 0x00, 0x1F, 0xC0, 0x00, 0x00, 0x00, 0x00, 0x00, 0x00, 0x00, // [92] U+00FF LATIN SMALL LETTER Y WITH DIAERESIS
  0x00, 0x00, 0x00, 0x00, 0x00, 0x00, 0x00, 0x00, 0x00, 0x00, 0x00, 0x00, 0x07, 0xFF, 0x00, 0x1F, 0xFF, 0x00, 0x1F, 0xFF, 0x00, 0x38, 0xE7, 0x00, 0x38, 0xFF, 0x00, 0x70, 0xF8, 0x00, 0x70, 0xF8, 0x00, 0x70, 0xF8, 0x00, 0x38, 0xF8, 0x00, 0x38, 0xE3, 0x00, 0x1F, 0xFF, 0x00, 0x0F, 0xFF, 0x00, 0x07, 0xFF, 0x00, 0x00, 0x00, 0x00, 0x00, 0x00, 0x00, 0x00, 0x00, 0x00, 0x00, 0x00, 0x00, 0x00, 0x00, 0x00, 0x00, 0x00, 0x00, 0x00, 0x00, 0x00, // [93] U+0152 LATIN CAPITAL LIGATURE OE
  0x00, 0x00, 0x00, 0x00, 0x00, 0x00, 0x00, 0x00, 0x00, 0x00, 0x00, 0x00, 0x00, 0x00, 0x00, 0x00, 0x00, 0x00, 0x00, 0x00, 0x00, 0x0F, 0x3C, 0x00, 0x1F, 0xFE, 0x00, 0x3F, 0xFF, 0x00, 0x39, 0xE7, 0x00, 0x30, 0xFF, 0x00, 0x30, 0xFF, 0x00, 0x39, 0xE0, 0x00, 0x39, 0xE3, 0x00, 0x3F, 0xFF, 0x00, 0x1F, 0x7F, 0x00, 0x00, 0x00, 0x00, 0x00, 0x00, 0x00, 0x00, 0x00, 0x00, 0x00, 0x00, 0x00, 0x00, 0x00, 0x00, 0x00, 0x00, 0x00, 0x00, 0x00, 0x00, // [94] U+0153 LATIN SMALL LIGATURE OE
  0x03, 0xF0, 0x00, 0x01, 0xE0, 0x00, 0x00, 0x40, 0x00, 0x00, 0x00, 0x00, 0x07, 0xFC, 0x00, 0x0F, 0xFC, 0x00, 0x0E, 0x3C, 0x00, 0x0E, 0x1C, 0x00, 0x0E, 0x0C, 0x00, 0x0F, 0xE0, 0x00, 0x07, 0xF8, 0x00, 0x01, 0xFC, 0x00, 0x08, 0x1E, 0x00, 0x1C, 0x0E, 0x00, 0x1F, 0x3C, 0x00, 0x1F, 0xFC, 0x00, 0x0F, 0xF8, 0x00, 0x00, 0x00, 0x00, 0x00, 0x00, 0x00, 0x00, 0x00, 0x00, 0x00, 0x00, 0x00, 0x00, 0x00, 0x00, 0x00, 0x00, 0x00, 0x00, 0x00, 0x00, // [95] U+0160 LATIN CAPITAL LETTER S WITH CARON
  0x00, 0x00, 0x00, 0x00, 0x00, 0x00, 0x07, 0x18, 0x00, 0x03, 0xB8, 0x00, 0x01, 0xE0, 0x00, 0x00, 0xC0, 0x00, 0x00, 0x00, 0x00, 0x03, 0xFC, 0x00, 0x07, 0xFC, 0x00, 0x0F, 0xFC, 0x00, 0x0F, 0x18, 0x00, 0x0F, 0xF8, 0x00, 0x03, 0xFC, 0x00, 0x0C, 0x3C, 0x00, 0x1E, 0x1C, 0x00, 0x1F, 0xFC, 0x00, 0x0F, 0xF8, 0x00, 0x00, 0x80, 0x00, 0x00, 0x00, 0x00, 0x00, 0x00, 0x00, 0x00, 0x00, 0x00, 0x00, 0x00, 0x00, 0x00, 0x00, 0x00, 0x00, 0x00, 0x00, // [96] U+0161 LATIN SMALL LETTER S WITH CARON
  0x07, 0x38, 0x00, 0x07, 0x38, 0x00, 0x00, 0x00, 0x00, 0x00, 0x00, 0x00, 0x1F, 0x3E, 0x00, 0x3F, 0x3E, 0x00, 0x0E, 0x3C, 0x00, 0x07, 0x38, 0x00, 0x07, 0xF0, 0x00, 0x03, 0xF0, 0x00, 0x01, 0xE0, 0x00, 0x01, 0xC0, 0x00, 0x00, 0xC0, 0x00, 0x00, 0xC0, 0x00, 0x03, 0xF0, 0x00, 0x07, 0xF8, 0x00, 0x07, 0xF8, 0x00, 0x00, 0x00, 0x00, 0x00, 0x00, 0x00, 0x00, 0x00, 0x00, 0x00, 0x00, 0x00, 0x00, 0x00, 0x00, 0x00, 0x00, 0x00, 0x00, 0x00, 0x00, // [97] U+0178 LATIN CAPITAL LETTER Y WITH DIAERESIS
  0x00, 0x00, 0x00, 0x00, 0x00, 0x00, 0x00, 0x00, 0x00, 0x00, 0x7E, 0x00, 0x00, 0xFE, 0x00, 0x00, 0xE4, 0x00, 0x00, 0xC0, 0x00, 0x00, 0xC0, 0x00, 0x07, 0xF8, 0x00, 0x07, 0xF8, 0x00, 0x01, 0xE0, 0x00, 0x00, 0xC0, 0x00, 0x00, 0xC0, 0x00, 0x00, 0xC0, 0x00, 0x00, 0xC0, 0x00, 0x00, 0xC0, 0x00, 0x01, 0xC0, 0x00, 0x1F, 0xC0, 0x00, 0x1F, 0x80, 0x00, 0x0F, 0x00, 0x00, 0x00, 0x00, 0x00, 0x00, 0x00, 0x00, 0x00, 0x00, 0x00, 0x00, 0x00, 0x00, // [98] U+0192 LATIN SMALL LETTER F WITH HOOK
  0x00, 0x00, 0x00, 0x00, 0x00, 0x00, 0x00, 0xC0, 0x00, 0x03, 0xF0, 0x00, 0x07, 0x38, 0x00, 0x06, 0x18, 0x00, 0x00, 0x00, 0x00, 0x00, 0x00, 0x00, 0x00, 0x00, 0x00, 0x00, 0x00, 0x00, 0x00, 0x00, 0x00, 0x00, 0x00, 0x00, 0x00, 0x00, 0x00, 0x00, 0x00, 0x00, 0x00, 0x00, 0x00, 0x00, 0x00, 0x00, 0x00, 0x00, 0x00, 0x00, 0x00, 0x00, 0x00, 0x00, 0x00, 0x00, 0x00, 0x00, 0x00, 0x00, 0x00, 0x00, 0x00, 0x00, 0x00, 0x00, 0x00, 0x00, 0x00, 0x00, // [99] U+02C6 MODIFIER LETTER CIRCUMFLEX ACCENT
  0x00, 0x00, 0x00, 0x00, 0x00, 0x00, 0x03, 0x08, 0x00, 0x07, 0xD8, 0x00, 0x0E, 0xF8, 0x00, 0x04, 0x20, 0x00, 0x00, 0x00, 0x00, 0x00, 0x00, 0x00, 0x00, 0x00, 0x00, 0x00, 0x00, 0x00, 0x00, 0x00, 0x00, 0x00, 0x00, 0x00, 0x00, 0x00, 0x00, 0x00, 0x00, 0x00, 0x00, 0x00, 0x00, 0x00, 0x00, 0x00, 0x00, 0x00, 0x00, 0x00, 0x00, 0x00, 0x00, 0x00, 0x00, 0x00, 0x00, 0x00, 0x00, 0x00, 0x00, 0x00, 0x00, 0x00, 0x00, 0x00, 0x00, 0x00, 0x00, 0x00, // [100] U+02DC SMALL TILDE
  0x00, 0x00, 0x00, 0x00, 0x00, 0x00, 0x00, 0x00, 0x00, 0x00, 0x00, 0x00, 0x0F, 0xE0, 0x00, 0x1F, 0xE0, 0x00, 0x07, 0xE0, 0x00, 0x03, 0xF0, 0x00, 0x07, 0x70, 0x00, 0x07, 0x38, 0x00, 0x07, 0x38, 0x00, 0x0F, 0xFC, 0x00, 0x0F, 0xFC, 0x00, 0x1F, 0xFC, 0x00, 0x1E, 0x1E, 0x00, 0x7F, 0x3F, 0x00, 0x3F, 0x3F, 0x00, 0x00, 0x00, 0x00, 0x00, 0x00, 0x00, 0x00, 0x00, 0x00, 0x00, 0x00, 0x00, 0x00, 0x00, 0x00, 0x00, 0x00, 0x00, 0x00, 0x00, 0x00, // [101] U+0391 GREEK CAPITAL LETTER ALPHA
  0x00, 0x00, 0x00, 0x00, 0x00, 0x00, 0x00, 0x00, 0x00, 0x00, 0x00, 0x00, 0x3F, 0xF0, 0x00, 0x3F, 0xFC, 0x00, 0x1F, 0xFC, 0x00, 0x0E, 0x0C, 0x00, 0x0E, 0x1C, 0x00, 0x0F, 0xFC, 0x00, 0x0F, 0xFC, 0x00, 0x0F, 0xFE, 0x00, 0x0E, 0x0E, 0x00, 0x0E, 0x06, 0x00, 0x0F, 0xFE, 0x00, 0x3F, 0xFE, 0x00, 0x3F, 0xF8, 0x00, 0x00, 0x00, 0x00, 0x00, 0x00, 0x00, 0x00, 0x00, 0x00, 0x00, 0x00, 0x00, 0x00, 0x00, 0x00, 0x00, 0x00, 0x00, 0x00, 0x00, 0x00, // [102] U+0392 GREEK CAPITAL LETTER BETA
  0x00, 0x00, 0x00, 0x00, 0x00, 0x00, 0x00, 0x00, 0x00, 0x00, 0x00, 0x00, 0x1F, 0xFE, 0x00, 0x1F, 0xFE, 0x00, 0x0F, 0xFE, 0x00, 0x07, 0x06, 0x00, 0x07, 0x06, 0x00, 0x07, 0x06, 0x00, 0x07, 0x00, 0x00, 0x07, 0x00, 0x00, 0x07, 0x00, 0x00, 0x07, 0x00, 0x00, 0x0F, 0x80, 0x00, 0x1F, 0xE0, 0x00, 0x1F, 0xE0, 0x00, 0x00, 0x00, 0x00, 0x00, 0x00, 0x00, 0x00, 0x00, 0x00, 0x00, 0x00, 0x00, 0x00, 0x00, 0x00, 0x00, 0x00, 0x00, 0x00, 0x00, 0x00, // [103] U+0393 GREEK CAPITAL LETTER GAMMA
  0x00, 0x00, 0x00, 0x00, 0x00, 0x00, 0x00, 0x00, 0x00, 0x00, 0x00, 0x00, 0x01, 0xE0, 0x00, 0x01, 0xE0, 0x00, 0x03, 0xE0, 0x00, 0x03, 0xF0, 0x00, 0x03, 0xF0, 0x00, 0x07, 0x38, 0x00, 0x07, 0x38, 0x00, 0x0E, 0x1C, 0x00, 0x0E, 0x1C, 0x00, 0x1C, 0x1C, 0x00, 0x1F, 0xFE, 0x00, 0x1F, 0xFE, 0x00, 0x3F, 0xFF, 0x00, 0x00, 0x00, 0x00, 0x00, 0x00, 0x00, 0x00, 0x00, 0x00, 0x00, 0x00, 0x00, 0x00, 0x00, 0x00, 0x00, 0x00, 0x00, 0x00, 0x00, 0x00, // [104] U+0394 GREEK CAPITAL LETTER DELTA
  0x00, 0x00, 0x00, 0x00, 0x00, 0x00, 0x00, 0x00, 0x00, 0x00, 0x00, 0x00, 0x3F, 0xFC, 0x00, 0x3F, 0xFC, 0x00, 0x1F, 0xFC, 0x00, 0x0E, 0x0C, 0x00, 0x0E, 0xEC, 0x00, 0x0F, 0xE0, 0x00, 0x0F, 0xE0, 0x00, 0x0F, 0xE0, 0x00, 0x0E, 0xEE, 0x00, 0x0E, 0x0E, 0x00, 0x0F, 0xFE, 0x00, 0x3F, 0xFE, 0x00, 0x3F, 0xFE, 0x00, 0x00, 0x00, 0x00, 0x00, 0x00, 0x00, 0x00, 0x00, 0x00, 0x00, 0x00, 0x00, 0x00, 0x00, 0x00, 0x00, 0x00, 0x00, 0x00, 0x00, 0x00, // [105] U+0395 GREEK CAPITAL LETTER EPSILON
  0x00, 0x00, 0x00, 0x00, 0x00, 0x00, 0x00, 0x00, 0x00, 0x00, 0x00, 0x00, 0x0F, 0xFC, 0x00, 0x0F, 0xFC, 0x00, 0x0F, 0xFC, 0x00, 0x0E, 0x78, 0x00, 0x0E, 0x70, 0x00, 0x00, 0xE0, 0x00, 0x01, 0xC0, 0x00, 0x03, 0xC0, 0x00, 0x07, 0x8C, 0x00, 0x0F, 0x0C, 0x00, 0x0F, 0xFC, 0x00, 0x1F, 0xFC, 0x00, 0x1F, 0xFC, 0x00, 0x00, 0x00, 0x00, 0x00, 0x00, 0x00, 0x00, 0x00, 0x00, 0x00, 0x00, 0x00, 0x00, 0x00, 0x00, 0x00, 0x00, 0x00, 0x00, 0x00, 0x00, // [106] U+0396 GREEK CAPITAL LETTER ZETA
  0x00, 0x00, 0x00, 0x00, 0x00, 0x00, 0x00, 0x00, 0x00, 0x00, 0x00, 0x00, 0x1F, 0x3E, 0x00, 0x1F, 0xFE, 0x00, 0x0F, 0x3C, 0x00, 0x0E, 0x1C, 0x00, 0x0E, 0x1C, 0x00, 0x0F, 0xFC, 0x00, 0x0F, 0xFC, 0x00, 0x0F, 0xFC, 0x00, 0x0E, 0x1C, 0x00, 0x0E, 0x1C, 0x00, 0x0E, 0x1C, 0x00, 0x3F, 0x7E, 0x00, 0x1F, 0x3E, 0x00, 0x00, 0x00, 0x00, 0x00, 0x00, 0x00, 0x00, 0x00, 0x00, 0x00, 0x00, 0x00, 0x00, 0x00, 0x00, 0x00, 0x00, 0x00, 0x00, 0x00, 0x00, // [107] U+0397 GREEK CAPITAL LETTER ETA
  0x00, 0x00, 0x00, 0x00, 0x00, 0x00, 0x00, 0x00, 0x00, 0x00, 0x00, 0x00, 0x03, 0xF0, 0x00, 0x0F, 0xFC, 0x00, 0x1E, 0x3C, 0x00, 0x1C, 0x0E, 0x00, 0x18, 0x0E, 0x00, 0x3B, 0x36, 0x00, 0x3B, 0xF7, 0x00, 0x3B, 0xF6, 0x00, 0x1E, 0x1E, 0x00, 0x1C, 0x0E, 0x00, 0x0F, 0x3C, 0x00, 0x0F, 0xF8, 0x00, 0x03, 0xF0, 0x00, 0x00, 0x00, 0x00, 0x00, 0x00, 0x00, 0x00, 0x00, 0x00, 0x00, 0x00, 0x00, 0x00, 0x00, 0x00, 0x00, 0x00, 0x00, 0x00, 0x00, 0x00, // [108] U+0398 GREEK CAPITAL LETTER THETA
  0x00, 0x00, 0x00, 0x00, 0x00, 0x00, 0x00, 0x00, 0x00, 0x00, 0x00, 0x00, 0x0F, 0xFC, 0x00, 0x0F, 0xFC, 0x00, 0x07, 0xF8, 0x00, 0x00, 0xC0, 0x00, 0x00, 0xC0, 0x00, 0x00, 0xC0, 0x00, 0x00, 0xC0, 0x00, 0x00, 0xC0, 0x00, 0x00, 0xC0, 0x00, 0x00, 0xC0, 0x00, 0x07, 0xF8, 0x00, 0x0F, 0xFC, 0x00, 0x0F, 0xFC, 0x00, 0x00, 0x00, 0x00, 0x00, 0x00, 0x00, 0x00, 0x00, 0x00, 0x00, 0x00, 0x00, 0x00, 0x00, 0x00, 0x00, 0x00, 0x00, 0x00, 0x00, 0x00, // [109] U+0399 GREEK CAPITAL LETTER IOTA
  0x00, 0x00, 0x00, 0x00, 0x00, 0x00, 0x00, 0x00, 0x00, 0x00, 0x00, 0x00, 0x3F, 0xBE, 0x00, 0x3F, 0xBE, 0x00, 0x1F, 0x3C, 0x00, 0x0E, 0x78, 0x00, 0x0F, 0xE0, 0x00, 0x0F, 0xC0, 0x00, 0x0F, 0xE0, 0x00, 0x0F, 0xF0, 0x00, 0x0E, 0x78, 0x00, 0x0E, 0x38, 0x00, 0x0F, 0x1E, 0x00, 0x3F, 0x9F, 0x00, 0x3F, 0x9F, 0x00, 0x00, 0x00, 0x00, 0x00, 0x00, 0x00, 0x00, 0x00, 0x00, 0x00, 0x00, 0x00, 0x00, 0x00, 0x00, 0x00, 0x00, 0x00, 0x00, 0x00, 0x00, // [110] U+039A GREEK CAPITAL LETTER KAPPA
  0x00, 0x00, 0x00, 0x00, 0x00, 0x00, 0x00, 0x00, 0x00, 0x00, 0x00, 0x00, 0x0F, 0xE0, 0x00, 0x0F, 0xE0, 0x00, 0x07, 0xE0, 0x00, 0x03, 0xF0, 0x00, 0x03, 0xF0, 0x00, 0x07, 0x38, 0x00, 0x07, 0x38, 0x00, 0x0E, 0x1C, 0x00, 0x0E, 0x1C, 0x00, 0x1C, 0x1C, 0x00, 0x1E, 0x1E, 0x00, 0x7F, 0x3F, 0x00, 0x3F, 0x3F, 0x00, 0x00, 0x00, 0x00, 0x00, 0x00, 0x00, 0x00, 0x00, 0x00, 0x00, 0x00, 0x00, 0x00, 0x00, 0x00, 0x00, 0x00, 0x00, 0x00, 0x00, 0x00, // [111] U+039B GREEK CAPITAL LETTER LAMDA
  0x00, 0x00, 0x00, 0x00, 0x00, 0x00, 0x00, 0x00, 0x00, 0x00, 0x00, 0x00, 0x3C, 0x0F, 0x00, 0x3E, 0x1F, 0x00, 0x3E, 0x1E, 0x00, 0x1F, 0x3E, 0x00, 0x1F, 0x3E, 0x00, 0x1F, 0xFE, 0x00, 0x1F, 0xFE, 0x00, 0x1D, 0xEE, 0x00, 0x1D, 0xEE, 0x00, 0x1C, 0xCE, 0x00, 0x3E, 0x1E, 0x00, 0x7F, 0x3F, 0x00, 0x3F, 0x3F, 0x00, 0x00, 0x00, 0x00, 0x00, 0x00, 0x00, 0x00, 0x00, 0x00, 0x00, 0x00, 0x00, 0x00, 0x00, 0x00, 0x00, 0x00, 0x00, 0x00, 0x00, 0x00, // [112] U+039C GREEK CAPITAL LETTER MU
  0x00, 0x00, 0x00, 0x00, 0x00, 0x00, 0x00, 0x00, 0x00, 0x00, 0x00, 0x00, 0x3C, 0x3F, 0x00, 0x3E, 0x7F, 0x00, 0x1F, 0x1E, 0x00, 0x1F, 0x8C, 0x00, 0x1F, 0x8C, 0x00, 0x1F, 0xCC, 0x00, 0x1D, 0xEC, 0x00, 0x1C, 0xFC, 0x00, 0x1C, 0x7C, 0x00, 0x1C, 0x7C, 0x00, 0x1E, 0x3C, 0x00, 0x3F, 0x1C, 0x00, 0x3F, 0x1C, 0x00, 0x00, 0x00, 0x00, 0x00, 0x00, 0x00, 0x00, 0x00, 0x00, 0x00, 0x00, 0x00, 0x00, 0x00, 0x00, 0x00, 0x00, 0x00, 0x00, 0x00, 0x00, // [113] U+039D GREEK CAPITAL LETTER NU
  0x00, 0x00, 0x00, 0x00, 0x00, 0x00, 0x00, 0x00, 0x00, 0x00, 0x00, 0x00, 0x1F, 0xFE, 0x00, 0x1F, 0xFE, 0x00, 0x1F, 0xFE, 0x00, 0x1C, 0x0E, 0x00, 0x1E, 0x3E, 0x00, 0x03, 0xF0, 0x00, 0x03, 0xF0, 0x00, 0x03, 0xF0, 0x00, 0x1B, 0x3C, 0x00, 0x1C, 0x0E, 0x00, 0x1F, 0xFE, 0x00, 0x1F, 0xFE, 0x00, 0x1F, 0xFE, 0x00, 0x00, 0x00, 0x00, 0x00, 0x00, 0x00, 0x00, 0x00, 0x00, 0x00, 0x00, 0x00, 0x00, 0x00, 0x00, 0x00, 0x00, 0x00, 0x00, 0x00, 0x00, // [114] U+039E GREEK CAPITAL LETTER XI
  0x00, 0x00, 0x00, 0x00, 0x00, 0x00, 0x00, 0x00, 0x00, 0x00, 0x00, 0x00, 0x03, 0xF0, 0x00, 0x0F, 0xFC, 0x00, 0x1E, 0x3C, 0x00, 0x1C, 0x0E, 0x00, 0x18, 0x0E, 0x00, 0x38, 0x06, 0x00, 0x38, 0x07, 0x00, 0x38, 0x06, 0x00, 0x1C, 0x0E, 0x00, 0x1C, 0x0E, 0x00, 0x0F, 0x3C, 0x00, 0x0F, 0xF8, 0x00, 0x03, 0xF0, 0x00, 0x00, 0x00, 0x00, 0x00, 0x00, 0x00, 0x00, 0x00, 0x00, 0x00, 0x00, 0x00, 0x00, 0x00, 0x00, 0x00, 0x00, 0x00, 0x00, 0x00, 0x00, // [115] U+039F GREEK CAPITAL LETTER OMICRON
  0x00, 0x00, 0x00, 0x00, 0x00, 0x00, 0x00, 0x00, 0x00, 0x00, 0x00, 0x00, 0x1F, 0xFE, 0x00, 0x1F, 0xFE, 0x00, 0x0F, 0xFC, 0x00, 0x0E, 0x1C, 0x00, 0x0E, 0x1C, 0x00, 0x0E, 0x1C, 0x00, 0x0E, 0x1C, 0x00, 0x0E, 0x1C, 0x00, 0x0E, 0x1C, 0x00, 0x0E, 0x1C, 0x00, 0x0E, 0x1C, 0x00, 0x3F, 0xFE, 0x00, 0x1F, 0x7E, 0x00, 0x00, 0x00, 0x00, 0x00, 0x00, 0x00, 0x00, 0x00, 0x00, 0x00, 0x00, 0x00, 0x00, 0x00, 0x00, 0x00, 0x00, 0x00, 0x00, 0x00, 0x00, // [116] U+03A0 GREEK CAPITAL LETTER PI
  0x00, 0x00, 0x00, 0x00, 0x00, 0x00, 0x00, 0x00, 0x00, 0x00, 0x00, 0x00, 0x3F, 0xF0, 0x00, 0x3F, 0xF8, 0x00, 0x1F, 0xFC, 0x00, 0x0E, 0x1C, 0x00, 0x0E, 0x1C, 0x00, 0x0E, 0x1C, 0x00, 0x0F, 0xFC, 0x00, 0x0F, 0xF8, 0x00, 0x0F, 0xE0, 0x00, 0x0E, 0x00, 0x00, 0x0F, 0x80, 0x00, 0x3F, 0xC0, 0x00, 0x3F, 0xC0, 0x00, 0x00, 0x00, 0x00, 0x00, 0x00, 0x00, 0x00, 0x00, 0x00, 0x00, 0x00, 0x00, 0x00, 0x00, 0x00, 0x00, 0x00, 0x00, 0x00, 0x00, 0x00, // [117] U+03A1 GREEK CAPITAL LETTER RHO
  0x00, 0x00, 0x00, 0x00, 0x00, 0x00, 0x00, 0x00, 0x00, 0x00, 0x00, 0x00, 0x0F, 0xFE, 0x00, 0x0F, 0xFE, 0x00, 0x07, 0x0E, 0x00, 0x03, 0x8E, 0x00, 0x03, 0xCC, 0x00, 0x01, 0xE0, 0x00, 0x00, 0xE0, 0x00, 0x01, 0xC0, 0x00, 0x03, 0x8C, 0x00, 0x07, 0x8E, 0x00, 0x07, 0xFE, 0x00, 0x0F, 0xFE, 0x00, 0x0F, 0xFE, 0x00, 0x00, 0x00, 0x00, 0x00, 0x00, 0x00, 0x00, 0x00, 0x00, 0x00, 0x00, 0x00, 0x00, 0x00, 0x00, 0x00, 0x00, 0x00, 0x00, 0x00, 0x00, // [118] U+03A3 GREEK CAPITAL LETTER SIGMA
  0x00, 0x00, 0x00, 0x00, 0x00, 0x00, 0x00, 0x00, 0x00, 0x00, 0x00, 0x00, 0x1F, 0xFE, 0x00, 0x1F, 0xFE, 0x00, 0x1F, 0xFE, 0x00, 0x1D, 0xCE, 0x00, 0x19, 0xCE, 0x00, 0x19, 0xC6, 0x00, 0x01, 0xC0, 0x00, 0x01, 0xC0, 0x00, 0x01, 0xC0, 0x00, 0x01, 0xC0, 0x00, 0x03, 0xF0, 0x00, 0x07, 0xF8, 0x00, 0x07, 0xF8, 0x00, 0x00, 0x00, 0x00, 0x00, 0x00, 0x00, 0x00, 0x00, 0x00, 0x00, 0x00, 0x00, 0x00, 0x00, 0x00, 0x00, 0x00, 0x00, 0x00, 0x00, 0x00, // [119] U+03A4 GREEK CAPITAL LETTER TAU
  0x00, 0x00, 0x00, 0x00, 0x00, 0x00, 0x00, 0x00, 0x00, 0x00, 0x00, 0x00, 0x1E, 0x3E, 0x00, 0x3F, 0x3E, 0x00, 0x1E, 0x3C, 0x00, 0x07, 0x38, 0x00, 0x07, 0xF8, 0x00, 0x03, 0xF0, 0x00, 0x01, 0xE0, 0x00, 0x01, 0xC0, 0x00, 0x00, 0xC0, 0x00, 0x00, 0xC0, 0x00, 0x03, 0xF0, 0x00, 0x07, 0xF8, 0x00, 0x07, 0xF8, 0x00, 0x00, 0x00, 0x00, 0x00, 0x00, 0x00, 0x00, 0x00, 0x00, 0x00, 0x00, 0x00, 0x00, 0x00, 0x00, 0x00, 0x00, 0x00, 0x00, 0x00, 0x00, // [120] U+03A5 GREEK CAPITAL LETTER UPSILON
  0x00, 0x00, 0x00, 0x00, 0x00, 0x00, 0x00, 0x00, 0x00, 0x03, 0xF0, 0x00, 0x03, 0xE0, 0x00, 0x07, 0xF0, 0x00, 0x0F, 0xFC, 0x00, 0x1F, 0xDE, 0x00, 0x39, 0xC7, 0x00, 0x39, 0xC7, 0x00, 0x39, 0xC7, 0x00, 0x39, 0xC7, 0x00, 0x39, 0xC7, 0x00, 0x1D, 0xCE, 0x00, 0x1F, 0xFC, 0x00, 0x07, 0xF8, 0x00, 0x01, 0xE0, 0x00, 0x03, 0xF0, 0x00, 0x00, 0x00, 0x00, 0x00, 0x00, 0x00, 0x00, 0x00, 0x00, 0x00, 0x00, 0x00, 0x00, 0x00, 0x00, 0x00, 0x00, 0x00, // [121] U+03A6 GREEK CAPITAL LETTER PHI
  0x00, 0x00, 0x00, 0x00, 0x00, 0x00, 0x00, 0x00, 0x00, 0x00, 0x00, 0x00, 0x1F, 0x3E, 0x00, 0x3F, 0x3E, 0x00, 0x1E, 0x3C, 0x00, 0x07, 0x38, 0x00, 0x07, 0xF0, 0x00, 0x03, 0xE0, 0x00, 0x01, 0xE0, 0x00, 0x03, 0xF0, 0x00, 0x07, 0xF8, 0x00, 0x0F, 0x38, 0x00, 0x1E, 0x1E, 0x00, 0x3F, 0x3F, 0x00, 0x3F, 0x3F, 0x00, 0x00, 0x00, 0x00, 0x00, 0x00, 0x00, 0x00, 0x00, 0x00, 0x00, 0x00, 0x00, 0x00, 0x00, 0x00, 0x00, 0x00, 0x00, 0x00, 0x00, 0x00, // [122] U+03A7 GREEK CAPITAL LETTER CHI
  0x00, 0x00, 0x00, 0x00, 0x00, 0x00, 0x00, 0x00, 0x00, 0x00, 0x00, 0x00, 0x3F, 0xEF, 0x00, 0x3F, 0xFF, 0x00, 0x1D, 0xEE, 0x00, 0x1C, 0xCE, 0x00, 0x1C, 0xCE, 0x00, 0x1C, 0xCE, 0x00, 0x1C, 0xCC, 0x00, 0x0F, 0xFC, 0x00, 0x07, 0xF8, 0x00, 0x03, 0xF0, 0x00, 0x01, 0xE0, 0x00, 0x03, 0xF0, 0x00, 0x03, 0xE0, 0x00, 0x00, 0x00, 0x00, 0x00, 0x00, 0x00, 0x00, 0x00, 0x00, 0x00, 0x00, 0x00, 0x00, 0x00, 0x00, 0x00, 0x00, 0x00, 0x00, 0x00, 0x00, // [123] U+03A8 GREEK CAPITAL LETTER PSI
  0x00, 0x00, 0x00, 0x00, 0x00, 0x00, 0x00, 0x00, 0x00, 0x00, 0x00, 0x00, 0x07, 0xF8, 0x00, 0x0F, 0xFC, 0x00, 0x1E, 0x1E, 0x00, 0x1C, 0x0E, 0x00, 0x38, 0x0E, 0x00, 0x38, 0x0F, 0x00, 0x38, 0x0F, 0x00, 0x38, 0x0E, 0x00, 0x1C, 0x0E, 0x00, 0x1C, 0x1C, 0x00, 0x1F, 0x3E, 0x00, 0x3F, 0x3F, 0x00, 0x3F, 0x3F, 0x00, 0x00, 0x00, 0x00, 0x00, 0x00, 0x00, 0x00, 0x00, 0x00, 0x00, 0x00, 0x00, 0x00, 0x00, 0x00, 0x00, 0x00, 0x00, 0x00, 0x00, 0x00, // [124] U+03A9 GREEK CAPITAL LETTER OMEGA
  0x00, 0x00, 0x00, 0x00, 0x00, 0x00, 0x00, 0x00, 0x00, 0x00, 0x00, 0x00, 0x00, 0x00, 0x00, 0x00, 0x00, 0x00, 0x00, 0x00, 0x00, 0x07, 0xE6, 0x00, 0x0F, 0xF6, 0x00, 0x1F, 0x7E, 0x00, 0x1C, 0x3E, 0x00, 0x1C, 0x1C, 0x00, 0x1C, 0x1C, 0x00, 0x1C, 0x1C, 0x00, 0x1E, 0x7E, 0x00, 0x0F, 0xFE, 0x00, 0x07, 0xE6, 0x00, 0x00, 0x00, 0x00, 0x00, 0x00, 0x00, 0x00, 0x00, 0x00, 0x00, 0x00, 0x00, 0x00, 0x00, 0x00, 0x00, 0x00, 0x00, 0x00, 0x00, 0x00, // [125] U+03B1 GREEK SMALL LETTER ALPHA
  0x00, 0x00, 0x00, 0x00, 0x00, 0x00, 0x00, 0x00, 0x00, 0x01, 0xE0, 0x00, 0x07, 0xF0, 0x00, 0x07, 0xF8, 0x00, 0x06, 0x38, 0x00, 0x0E, 0x38, 0x00, 0x0E, 0x70, 0x00, 0x0E, 0xF0, 0x00, 0x0E, 0xF8, 0x00, 0x0E, 0x1C, 0x00, 0x0E, 0x1C, 0x00, 0x0E, 0x1C, 0x00, 0x0F, 0x1C, 0x00, 0x0F, 0xF8, 0x00, 0x0F, 0xF0, 0x00, 0x0E, 0x40, 0x00, 0x0E, 0x00, 0x00, 0x0E, 0x00, 0x00, 0x0E, 0x00, 0x00, 0x06, 0x00, 0x00, 0x00, 0x00, 0x00, 0x00, 0x00, 0x00, // [126] U+03B2 GREEK SMALL LETTER BETA
  0x00, 0x00, 0x00, 0x00, 0x00, 0x00, 0x00, 0x00, 0x00, 0x00, 0x00, 0x00, 0x00, 0x00, 0x00, 0x00, 0x00, 0x00, 0x00, 0x00, 0x00, 0x1C, 0x0E, 0x00, 0x3C, 0x1E, 0x00, 0x1E, 0x1E, 0x00, 0x0E, 0x38, 0x00, 0x07, 0x38, 0x00, 0x07, 0x70, 0x00, 0x03, 0xF0, 0x00, 0x03, 0xE0, 0x00, 0x01, 0xE0, 0x00, 0x01, 0xC0, 0x00, 0x01, 0xC0, 0x00, 0x01, 0xE0, 0x00, 0x01, 0xE0, 0x00, 0x01, 0xC0, 0x00, 0x00, 0xC0, 0x00, 0x00, 0x00, 0x00, 0x00, 0x00, 0x00, // [127] U+03B3 GREEK SMALL LETTER GAMMA
  0x00, 0x00, 0x00, 0x00, 0x00, 0x00, 0x01, 0xF8, 0x00, 0x03, 0xF8, 0x00, 0x03, 0x80, 0x00, 0x03, 0x80, 0x00, 0x01, 0xC0, 0x00, 0x03, 0xF0, 0x00, 0x07, 0xF8, 0x00, 0x0F, 0x3C, 0x00, 0x1C, 0x0E, 0x00, 0x1C, 0x0E, 0x00, 0x1C, 0x0E, 0x00, 0x1C, 0x0E, 0x00, 0x1E, 0x1C, 0x00, 0x0F, 0xFC, 0x00, 0x07, 0xF0, 0x00, 0x00, 0x00, 0x00, 0x00, 0x00, 0x00, 0x00, 0x00, 0x00, 0x00, 0x00, 0x00, 0x00, 0x00, 0x00, 0x00, 0x00, 0x00, 0x00, 0x00, 0x00, // [128] U+03B4 GREEK SMALL LETTER DELTA
  0x00, 0x00, 0x00, 0x00, 0x00, 0x00, 0x00, 0x00, 0x00, 0x00, 0x00, 0x00, 0x00, 0x00, 0x00, 0x00, 0x00, 0x00, 0x00, 0x00, 0x00, 0x03, 0xF0, 0x00, 0x07, 0xF0, 0x00, 0x07, 0x10, 0x00, 0x07, 0x00, 0x00, 0x03, 0xE0, 0x00, 0x07, 0xE0, 0x00, 0x07, 0x00, 0x00, 0x0F, 0x00, 0x00, 0x07, 0xF8, 0x00, 0x03, 0xF8, 0x00, 0x00, 0x00, 0x00, 0x00, 0x00, 0x00, 0x00, 0x00, 0x00, 0x00, 0x00, 0x00, 0x00, 0x00, 0x00, 0x00, 0x00, 0x00, 0x00, 0x00, 0x00, // [129] U+03B5 GREEK SMALL LETTER EPSILON
  0x00, 0x00, 0x00, 0x00, 0x00, 0x00, 0x00, 0x00, 0x00, 0x01, 0xF8, 0x00, 0x01, 0xF8, 0x00, 0x01, 0xF8, 0x00, 0x00, 0xF0, 0x00, 0x00, 0xE0, 0x00, 0x01, 0xC0, 0x00, 0x03, 0xC0, 0x00, 0x03, 0x80, 0x00, 0x07, 0x00, 0x00, 0x07, 0x00, 0x00, 0x07, 0x00, 0x00, 0x03, 0x80, 0x00, 0x03, 0xE0, 0x00, 0x01, 0xF8, 0x00, 0x00, 0x7C, 0x00, 0x00, 0x1C, 0x00, 0x00, 0x7C, 0x00, 0x00, 0xF8, 0x00, 0x00, 0x70, 0x00, 0x00, 0x00, 0x00, 0x00, 0x00, 0x00, // [130] U+03B6 GREEK SMALL LETTER ZETA
  0x00, 0x00, 0x00, 0x00, 0x00, 0x00, 0x00, 0x00, 0x00, 0x00, 0x00, 0x00, 0x00, 0x00, 0x00, 0x00, 0x00, 0x00, 0x00, 0x00, 0x00, 0x0F, 0xF0, 0x00, 0x1F, 0xF8, 0x00, 0x0F, 0xF8, 0x00, 0x07, 0x1C, 0x00, 0x07, 0x1C, 0x00, 0x07, 0x1C, 0x00, 0x07, 0x1C, 0x00, 0x0F, 0x1C, 0x00, 0x1F, 0x9C, 0x00, 0x1F, 0x9C, 0x00, 0x00, 0x1C, 0x00, 0x00, 0x1C, 0x00, 0x00, 0x1C, 0x00, 0x00, 0x1C, 0x00, 0x00, 0x08, 0x00, 0x00, 0x00, 0x00, 0x00, 0x00, 0x00, // [131] U+03B7 GREEK SMALL LETTER ETA
  0x00, 0x00, 0x00, 0x00, 0x00, 0x00, 0x00, 0x00, 0x00, 0x01, 0xE0, 0x00, 0x03, 0xF0, 0x00, 0x07, 0xF8, 0x00, 0x0E, 0x3C, 0x00, 0x0E, 0x1C, 0x00, 0x0C, 0x1C, 0x00, 0x1F, 0xFC, 0x00, 0x1F, 0xFC, 0x00, 0x1F, 0xFC, 0x00, 0x0E, 0x1C, 0x00, 0x0E, 0x1C, 0x00, 0x0F, 0x38, 0x00, 0x07, 0xF8, 0x00, 0x03, 0xF0, 0x00, 0x00, 0x00, 0x00, 0x00, 0x00, 0x00, 0x00, 0x00, 0x00, 0x00, 0x00, 0x00, 0x00, 0x00, 0x00, 0x00, 0x00, 0x00, 0x00, 0x00, 0x00, // [132] U+03B8 GREEK SMALL LETTER THETA
  0x00, 0x00, 0x00, 0x00, 0x00, 0x00, 0x00, 0x00, 0x00, 0x00, 0x00, 0x00, 0x00, 0x00, 0x00, 0x00, 0x00, 0x00, 0x00, 0x00, 0x00, 0x01, 0x80, 0x00, 0x01, 0xC0, 0x00, 0x01, 0xC0, 0x00, 0x01, 0xC0, 0x00, 0x01, 0xC0, 0x00, 0x01, 0xC0, 0x00, 0x01, 0xC0, 0x00, 0x01, 0xC0, 0x00, 0x01, 0xF0, 0x00, 0x00, 0xF0, 0x00, 0x00, 0x00, 0x00, 0x00, 0x00, 0x00, 0x00, 0x00, 0x00, 0x00, 0x00, 0x00, 0x00, 0x00, 0x00, 0x00, 0x00, 0x00, 0x00, 0x00, 0x00, // [133] U+03B9 GREEK SMALL LETTER IOTA
  0x00, 0x00, 0x00, 0x00, 0x00, 0x00, 0x00, 0x00, 0x00, 0x00, 0x00, 0x00, 0x00, 0x00, 0x00, 0x00, 0x00, 0x00, 0x00, 0x00, 0x00, 0x0F, 0x1C, 0x00, 0x1F, 0xBE, 0x00, 0x0F, 0x7C, 0x00, 0x07, 0xF0, 0x00, 0x07, 0xE0, 0x00, 0x07, 0xE0, 0x00, 0x07, 0xF0, 0x00, 0x07, 0x3C, 0x00, 0x1F, 0xBE, 0x00, 0x0F, 0x9E, 0x00, 0x00, 0x00, 0x00, 0x00, 0x00, 0x00, 0x00, 0x00, 0x00, 0x00, 0x00, 0x00, 0x00, 0x00, 0x00, 0x00, 0x00, 0x00, 0x00, 0x00, 0x00, // [134] U+03BA GREEK SMALL LETTER KAPPA
  0x00, 0x00, 0x00, 0x00, 0x00, 0x00, 0x00, 0x00, 0x00, 0x0F, 0x00, 0x00, 0x1F, 0x00, 0x00, 0x0F, 0x80, 0x00, 0x03, 0x80, 0x00, 0x01, 0xC0, 0x00, 0x01, 0xE0, 0x00, 0x01, 0xE0, 0x00, 0x03, 0xF0, 0x00, 0x03, 0xF0, 0x00, 0x07, 0x38, 0x00, 0x07, 0x38, 0x00, 0x0E, 0x1C, 0x00, 0x3F, 0x3F, 0x00, 0x1F, 0x3E, 0x00, 0x00, 0x00, 0x00, 0x00, 0x00, 0x00, 0x00, 0x00, 0x00, 0x00, 0x00, 0x00, 0x00, 0x00, 0x00, 0x00, 0x00, 0x00, 0x00, 0x00, 0x00, // [135] U+03BB GREEK SMALL LETTER LAMDA
  0x00, 0x00, 0x00, 0x00, 0x00, 0x00, 0x00, 0x00, 0x00, 0x00, 0x00, 0x00, 0x00, 0x00, 0x00, 0x00, 0x00, 0x00, 0x00, 0x00, 0x00, 0x1E, 0x7C, 0x00, 0x3E, 0x7C, 0x00, 0x1E, 0x3C, 0x00, 0x0E, 0x1C, 0x00, 0x0E, 0x1C, 0x00, 0x0E, 0x1C, 0x00, 0x0E, 0x1C, 0x00, 0x0E, 0x3C, 0x00, 0x0F, 0xFE, 0x00, 0x0F, 0xFE, 0x00, 0x0E, 0x80, 0x00, 0x0E, 0x00, 0x00, 0x0E, 0x00, 0x00, 0x0E, 0x00, 0x00, 0x04, 0x00, 0x00, 0x00, 0x00, 0x00, 0x00, 0x00, 0x00, // [136] U+03BC GREEK SMALL LETTER MU
  0x00, 0x00, 0x00, 0x00, 0x00, 0x00, 0x00, 0x00, 0x00, 0x00, 0x00, 0x00, 0x00, 0x00, 0x00, 0x00, 0x00, 0x00, 0x00, 0x00, 0x00, 0x1C, 0x18, 0x00, 0x3E, 0x1C, 0x00, 0x1E, 0x1C, 0x00, 0x07, 0x0C, 0x00, 0x07, 0x1C, 0x00, 0x03, 0x9C, 0x00, 0x03, 0xB8, 0x00, 0x01, 0xF8, 0x00, 0x01, 0xF0, 0x00, 0x00, 0xE0, 0x00, 0x00, 0x00, 0x00, 0x00, 0x00, 0x00, 0x00, 0x00, 0x00, 0x00, 0x00, 0x00, 0x00, 0x00, 0x00, 0x00, 0x00, 0x00, 0x00, 0x00, 0x00, // [137] U+03BD GREEK SMALL LETTER NU
  0x00, 0x00, 0x00, 0x00, 0x00, 0x00, 0x00, 0x00, 0x00, 0x03, 0xF8, 0x00, 0x07, 0xF8, 0x00, 0x03, 0xF0, 0x00, 0x03, 0x80, 0x00, 0x03, 0x80, 0x00, 0x03, 0x80, 0x00, 0x03, 0xF0, 0x00, 0x01, 0xF0, 0x00, 0x03, 0xF0, 0x00, 0x07, 0x80, 0x00, 0x07, 0x00, 0x00, 0x07, 0x00, 0x00, 0x07, 0xE0, 0x00, 0x03, 0xF8, 0x00, 0x00, 0xF8, 0x00, 0x00, 0x1C, 0x00, 0x00, 0x7C, 0x00, 0x00, 0xF8, 0x00, 0x00, 0x70, 0x00, 0x00, 0x00, 0x00, 0x00, 0x00, 0x00, // [138] U+03BE GREEK SMALL LETTER XI
  0x00, 0x00, 0x00, 0x00, 0x00, 0x00, 0x00, 0x00, 0x00, 0x00, 0x00, 0x00, 0x00, 0x00, 0x00, 0x00, 0x00, 0x00, 0x00, 0x00, 0x00, 0x03, 0xF0, 0x00, 0x0F, 0xF8, 0x00, 0x0F, 0xFC, 0x00, 0x1C, 0x0E, 0x00, 0x1C, 0x0E, 0x00, 0x1C, 0x0E, 0x00, 0x1C, 0x0E, 0x00, 0x1E, 0x1C, 0x00, 0x0F, 0xFC, 0x00, 0x07, 0xF0, 0x00, 0x00, 0x00, 0x00, 0x00, 0x00, 0x00, 0x00, 0x00, 0x00, 0x00, 0x00, 0x00, 0x00, 0x00, 0x00, 0x00, 0x00, 0x00, 0x00, 0x00, 0x00, // [139] U+03BF GREEK SMALL LETTER OMICRON
  0x00, 0x00, 0x00, 0x00, 0x00, 0x00, 0x00, 0x00, 0x00, 0x00, 0x00, 0x00, 0x00, 0x00, 0x00, 0x00, 0x00, 0x00, 0x00, 0x00, 0x00, 0x1F, 0xFE, 0x00, 0x1F, 0xFE, 0x00, 0x1F, 0xFE, 0x00, 0x0E, 0x18, 0x00, 0x0E, 0x18, 0x00, 0x0E, 0x18, 0x00, 0x0E, 0x18, 0x00, 0x0E, 0x3C, 0x00, 0x1F, 0xFE, 0x00, 0x1F, 0x7E, 0x00, 0x00, 0x00, 0x00, 0x00, 0x00, 0x00, 0x00, 0x00, 0x00, 0x00, 0x00, 0x00, 0x00, 0x00, 0x00, 0x00, 0x00, 0x00, 0x00, 0x00, 0x00, // [140] U+03C0 GREEK SMALL LETTER PI
  0x00, 0x00, 0x00, 0x00, 0x00, 0x00, 0x00, 0x00, 0x00, 0x00, 0x00, 0x00, 0x00, 0x00, 0x00, 0x00, 0x00, 0x00, 0x00, 0x00, 0x00, 0x01, 0xF0, 0x00, 0x07, 0xF8, 0x00, 0x07, 0xFC, 0x00, 0x0E, 0x1C, 0x00, 0x0E, 0x0E, 0x00, 0x0E, 0x0E, 0x00, 0x0E, 0x0E, 0x00, 0x0F, 0x1C, 0x00, 0x0F, 0xF8, 0x00, 0x0F, 0xF0, 0x00, 0x0E, 0x40, 0x00, 0x0E, 0x00, 0x00, 0x0E, 0x00, 0x00, 0x0E, 0x00, 0x00, 0x0C, 0x00, 0x00, 0x00, 0x00, 0x00, 0x00, 0x00, 0x00, // [141] U+03C1 GREEK SMALL LETTER RHO
  0x00, 0x00, 0x00, 0x00, 0x00, 0x00, 0x00, 0x00, 0x00, 0x00, 0x00, 0x00, 0x00, 0x00, 0x00, 0x00, 0x00, 0x00, 0x00, 0x00, 0x00, 0x01, 0xFC, 0x00, 0x07, 0xFC, 0x00, 0x07, 0x9C, 0x00, 0x0E, 0x0C, 0x00, 0x0E, 0x0C, 0x00, 0x0E, 0x00, 0x00, 0x0E, 0x00, 0x00, 0x0E, 0x00, 0x00, 0x07, 0xC0, 0x00, 0x03, 0xF0, 0x00, 0x01, 0xF0, 0x00, 0x00, 0x38, 0x00, 0x00, 0xF0, 0x00, 0x01, 0xF0, 0x00, 0x00, 0xC0, 0x00, 0x00, 0x00, 0x00, 0x00, 0x00, 0x00, // [142] U+03C2 GREEK SMALL LETTER FINAL SIGMA
  0x00, 0x00, 0x00, 0x00, 0x00, 0x00, 0x00, 0x00, 0x00, 0x00, 0x00, 0x00, 0x00, 0x00, 0x00, 0x00, 0x00, 0x00, 0x00, 0x00, 0x00, 0x03, 0xFF, 0x00, 0x0F, 0xFF, 0x00, 0x0F, 0xFE, 0x00, 0x1C, 0x1C, 0x00, 0x1C, 0x0E, 0x00, 0x1C, 0x0E, 0x00, 0x1C, 0x0E, 0x00, 0x1E, 0x3C, 0x00, 0x0F, 0xF8, 0x00, 0x07, 0xF0, 0x00, 0x00, 0x00, 0x00, 0x00, 0x00, 0x00, 0x00, 0x00, 0x00, 0x00, 0x00, 0x00, 0x00, 0x00, 0x00, 0x00, 0x00, 0x00, 0x00, 0x00, 0x00, // [143] U+03C3 GREEK SMALL LETTER SIGMA
  0x00, 0x00, 0x00, 0x00, 0x00, 0x00, 0x00, 0x00, 0x00, 0x00, 0x00, 0x00, 0x00, 0x00, 0x00, 0x00, 0x00, 0x00, 0x00, 0x00, 0x00, 0x0F, 0xF8, 0x00, 0x0F, 0xF8, 0x00, 0x0F, 0xF8, 0x00, 0x01, 0xC0, 0x00, 0x01, 0xC0, 0x00, 0x01, 0xC0, 0x00, 0x01, 0xC0, 0x00, 0x01, 0xC0, 0x00, 0x01, 0xF8, 0x00, 0x00, 0xF0, 0x00, 0x00, 0x00, 0x00, 0x00, 0x00, 0x00, 0x00, 0x00, 0x00, 0x00, 0x00, 0x00, 0x00, 0x00, 0x00, 0x00, 0x00, 0x00, 0x00, 0x00, 0x00, // [144] U+03C4 GREEK SMALL LETTER TAU
  0x00, 0x00, 0x00, 0x00, 0x00, 0x00, 0x00, 0x00, 0x00, 0x00, 0x00, 0x00, 0x00, 0x00, 0x00, 0x00, 0x00, 0x00, 0x00, 0x00, 0x00, 0x1E, 0x3E, 0x00, 0x1E, 0x7E, 0x00, 0x1E, 0x3C, 0x00, 0x0E, 0x18, 0x00, 0x0E, 0x18, 0x00, 0x0E, 0x18, 0x00, 0x0E, 0x18, 0x00, 0x07, 0x38, 0x00, 0x07, 0xF8, 0x00, 0x03, 0xF0, 0x00, 0x00, 0x80, 0x00, 0x00, 0x00, 0x00, 0x00, 0x00, 0x00, 0x00, 0x00, 0x00, 0x00, 0x00, 0x00, 0x00, 0x00, 0x00, 0x00, 0x00, 0x00, // [145] U+03C5 GREEK SMALL LETTER UPSILON
  0x00, 0x00, 0x00, 0x00, 0x00, 0x00, 0x00, 0x00, 0x00, 0x00, 0x00, 0x00, 0x00, 0x00, 0x00, 0x00, 0x00, 0x00, 0x00, 0x00, 0x00, 0x06, 0x70, 0x00, 0x0E, 0xF8, 0x00, 0x1F, 0xFC, 0x00, 0x1D, 0xDE, 0x00, 0x1D, 0xCE, 0x00, 0x1D, 0xCE, 0x00, 0x1D, 0xCE, 0x00, 0x1F, 0xDC, 0x00, 0x0F, 0xFC, 0x00, 0x07, 0xF8, 0x00, 0x01, 0xC0, 0x00, 0x01, 0xC0, 0x00, 0x01, 0xC0, 0x00, 0x01, 0xC0, 0x00, 0x00, 0x80, 0x00, 0x00, 0x00, 0x00, 0x00, 0x00, 0x00, // [146] U+03C6 GREEK SMALL LETTER PHI
  0x00, 0x00, 0x00, 0x00, 0x00, 0x00, 0x00, 0x00, 0x00, 0x00, 0x00, 0x00, 0x00, 0x00, 0x00, 0x00, 0x00, 0x00, 0x00, 0x00, 0x00, 0x1C, 0x0C, 0x00, 0x1E, 0x1C, 0x00, 0x1E, 0x3C, 0x00, 0x07, 0x38, 0x00, 0x03, 0xF0, 0x00, 0x03, 0xF0, 0x00, 0x01, 0xE0, 0x00, 0x01, 0xE0, 0x00, 0x03, 0xE0, 0x00, 0x03, 0xF0, 0x00, 0x07, 0x78, 0x00, 0x0F, 0x38, 0x00, 0x0E, 0x1E, 0x00, 0x1C, 0x1F, 0x00, 0x08, 0x0E, 0x00, 0x00, 0x00, 0x00, 0x00, 0x00, 0x00, // [147] U+03C7 GREEK SMALL LETTER CHI
  0x00, 0x00, 0x00, 0x00, 0x00, 0x00, 0x00, 0x00, 0x00, 0x00, 0xC0, 0x00, 0x00, 0xC0, 0x00, 0x00, 0xC0, 0x00, 0x00, 0xC0, 0x00, 0x1C, 0xCE, 0x00, 0x3C, 0xDF, 0x00, 0x1C, 0xDE, 0x00, 0x0C, 0xDC, 0x00, 0x0C, 0xDC, 0x00, 0x0C, 0xDC, 0x00, 0x0C, 0xDC, 0x00, 0x0F, 0xDC, 0x00, 0x0F, 0xFC, 0x00, 0x07, 0xF8, 0x00, 0x01, 0xC0, 0x00, 0x00, 0xC0, 0x00, 0x00, 0xC0, 0x00, 0x00, 0xC0, 0x00, 0x00, 0xC0, 0x00, 0x00, 0x00, 0x00, 0x00, 0x00, 0x00, // [148] U+03C8 GREEK SMALL LETTER PSI
  0x00, 0x00, 0x00, 0x00, 0x00, 0x00, 0x00, 0x00, 0x00, 0x00, 0x00, 0x00, 0x00, 0x00, 0x00, 0x00, 0x00, 0x00, 0x00, 0x00, 0x00, 0x07, 0x38, 0x00, 0x0F, 0x3C, 0x00, 0x0E, 0x1C, 0x00, 0x1C, 0x0E, 0x00, 0x1C, 0xCE, 0x00, 0x1D, 0xCE, 0x00, 0x1D, 0xCE, 0x00, 0x1D, 0xEE, 0x00, 0x1F, 0xFC, 0x00, 0x0F, 0xFC, 0x00, 0x02, 0x10, 0x00, 0x00, 0x00, 0x00, 0x00, 0x00, 0x00, 0x00, 0x00, 0x00, 0x00, 0x00, 0x00, 0x00, 0x00, 0x00, 0x00, 0x00, 0x00, // [149] U+03C9 GREEK SMALL LETTER OMEGA
  0x03, 0xF0, 0x00, 0x07, 0xF8, 0x00, 0x0E, 0x38, 0x00, 0x0E, 0x1C, 0x00, 0x0E, 0x1C, 0x00, 0x07, 0x1C, 0x00, 0x07, 0xDF, 0x00, 0x01, 0xFF, 0x00, 0x3E, 0x7E, 0x00, 0x3E, 0x1C, 0x00, 0x1E, 0x1C, 0x00, 0x0E, 0x1C, 0x00, 0x0E, 0x1C, 0x00, 0x0E, 0x1C, 0x00, 0x0E, 0x3C, 0x00, 0x07, 0xF8, 0x00, 0x07, 0xF0, 0x00, 0x00, 0x00, 0x00, 0x00, 0x00, 0x00, 0x00, 0x00, 0x00, 0x00, 0x00, 0x00, 0x00, 0x00, 0x00, 0x00, 0x00, 0x00, 0x00, 0x00, 0x00, // [150] U+03D1 GREEK THETA SYMBOL
  0x3C, 0x0E, 0x00, 0x3E, 0x3F, 0x00, 0x3F, 0x3F, 0x00, 0x07, 0xFF, 0x00, 0x03, 0xF6, 0x00, 0x03, 0xF0, 0x00, 0x01, 0xE0, 0x00, 0x01, 0xE0, 0x00, 0x01, 0xE0, 0x00, 0x01, 0xE0, 0x00, 0x01, 0xE0, 0x00, 0x01, 0xE0, 0x00, 0x01, 0xE0, 0x00, 0x01, 0xE0, 0x00, 0x01, 0xE0, 0x00, 0x01, 0xE0, 0x00, 0x01, 0xE0, 0x00, 0x00, 0x00, 0x00, 0x00, 0x00, 0x00, 0x00, 0x00, 0x00, 0x00, 0x00, 0x00, 0x00, 0x00, 0x00, 0x00, 0x00, 0x00, 0x00, 0x00, 0x00, // [151] U+03D2 GREEK UPSILON WITH HOOK SYMBOL
  0x00, 0x00, 0x00, 0x00, 0x00, 0x00, 0x00, 0x00, 0x00, 0x00, 0x00, 0x00, 0x00, 0x00, 0x00, 0x00, 0x00, 0x00, 0x07, 0xFC, 0x00, 0x1F, 0xFE, 0x00, 0x3F, 0xFE, 0x00, 0x3E, 0x1C, 0x00, 0x1C, 0x0E, 0x00, 0x1C, 0xCE, 0x00, 0x1D, 0xCE, 0x00, 0x1D, 0xCE, 0x00, 0x1D, 0xEE, 0x00, 0x1F, 0xFC, 0x00, 0x0F, 0xFC, 0x00, 0x02, 0x10, 0x00, 0x00, 0x00, 0x00, 0x00, 0x00, 0x00, 0x00, 0x00, 0x00, 0x00, 0x00, 0x00, 0x00, 0x00, 0x00, 0x00, 0x00, 0x00, // [152] U+03D6 GREEK PI SYMBOL
  0x00, 0x00, 0x00, 0x00, 0x00, 0x00, 0x00, 0x00, 0x00, 0x00, 0x00, 0x00, 0x00, 0x00, 0x00, 0x00, 0x00, 0x00, 0x00, 0x00, 0x00, 0x00, 0x00, 0x00, 0x00, 0x00, 0x00, 0x0F, 0xFC, 0x00, 0x1F, 0xFE, 0x00, 0x1F, 0xFE, 0x00, 0x00, 0x00, 0x00, 0x00, 0x00, 0x00, 0x00, 0x00, 0x00, 0x00, 0x00, 0x00, 0x00, 0x00, 0x00, 0x00, 0x00, 0x00, 0x00, 0x00, 0x00, 0x00, 0x00, 0x00, 0x00, 0x00, 0x00, 0x00, 0x00, 0x00, 0x00, 0x00, 0x00, 0x00, 0x00, 0x00, // [153] U+2013 EN DASH
  0x00, 0x00, 0x00, 0x00, 0x00, 0x00, 0x00, 0x00, 0x00, 0x00, 0x00, 0x00, 0x00, 0x00, 0x00, 0x00, 0x00, 0x00, 0x00, 0x00, 0x00, 0x00, 0x00, 0x00, 0x00, 0x00, 0x00, 0x3F, 0xFE, 0x00, 0x7F, 0xFF, 0x80, 0x7F, 0xFF, 0x00, 0x00, 0x00, 0x00, 0x00, 0x00, 0x00, 0x00, 0x00, 0x00, 0x00, 0x00, 0x00, 0x00, 0x00, 0x00, 0x00, 0x00, 0x00, 0x00, 0x00, 0x00, 0x00, 0x00, 0x00, 0x00, 0x00, 0x00, 0x00, 0x00, 0x00, 0x00, 0x00, 0x00, 0x00, 0x00, 0x00, // [154] U+2014 EM DASH
  0x00, 0x00, 0x00, 0x00, 0x00, 0x00, 0x00, 0x00, 0x00, 0x00, 0xE0, 0x00, 0x00, 0xE0, 0x00, 0x00, 0x70, 0x00, 0x00, 0x70, 0x00, 0x00, 0x30, 0x00, 0x00, 0x18, 0x00, 0x00, 0x00, 0x00, 0x00, 0x00, 0x00, 0x00, 0x00, 0x00, 0x00, 0x00, 0x00, 0x00, 0x00, 0x00, 0x00, 0x00, 0x00, 0x00, 0x00, 0x00, 0x00, 0x00, 0x00, 0x00, 0x00, 0x00, 0x00, 0x00, 0x00, 0x00, 0x00, 0x00, 0x00, 0x00, 0x00, 0x00, 0x00, 0x00, 0x00, 0x00, 0x00, 0x00, 0x00, 0x00, // [155] U+2018 LEFT SINGLE QUOTATION MARK
  0x00, 0x00, 0x00, 0x00, 0x00, 0x00, 0x00, 0x00, 0x00, 0x01, 0xC0, 0x00, 0x03, 0xC0, 0x00, 0x03, 0x80, 0x00, 0x03, 0x80, 0x00, 0x03, 0x00, 0x00, 0x06, 0x00, 0x00, 0x06, 0x00, 0x00, 0x00, 0x00, 0x00, 0x00, 0x00, 0x00, 0x00, 0x00, 0x00, 0x00, 0x00, 0x00, 0x00, 0x00, 0x00, 0x00, 0x00, 0x00, 0x00, 0x00, 0x00, 0x00, 0x00, 0x00, 0x00, 0x00, 0x00, 0x00, 0x00, 0x00, 0x00, 0x00, 0x00, 0x00, 0x00, 0x00, 0x00, 0x00, 0x00, 0x00, 0x00, 0x00, // [156] U+2019 RIGHT SINGLE QUOTATION MARK
  0x00, 0x00, 0x00, 0x00, 0x00, 0x00, 0x00, 0x00, 0x00, 0x00, 0x00, 0x00, 0x00, 0x00, 0x00, 0x00, 0x00, 0x00, 0x00, 0x00, 0x00, 0x00, 0x00, 0x00, 0x00, 0x00, 0x00, 0x00, 0x00, 0x00, 0x00, 0x00, 0x00, 0x00, 0x00, 0x00, 0x00, 0x00, 0x00, 0x00, 0x00, 0x00, 0x01, 0xC0, 0x00, 0x03, 0x80, 0x00, 0x03, 0x80, 0x00, 0x03, 0x00, 0x00, 0x07, 0x00, 0x00, 0x06, 0x00, 0x00, 0x00, 0x00, 0x00, 0x00, 0x00, 0x00, 0x00, 0x00, 0x00, 0x00, 0x00, 0x00, // [157] U+201A SINGLE LOW-9 QUOTATION MARK
  0x00, 0x00, 0x00, 0x00, 0x00, 0x00, 0x00, 0x00, 0x00, 0x0E, 0x70, 0x00, 0x07, 0x78, 0x00, 0x07, 0x38, 0x00, 0x03, 0x98, 0x00, 0x01, 0x9C, 0x00, 0x01, 0x8C, 0x00, 0x00, 0x00, 0x00, 0x00, 0x00, 0x00, 0x00, 0x00, 0x00, 0x00, 0x00, 0x00, 0x00, 0x00, 0x00, 0x00, 0x00, 0x00, 0x00, 0x00, 0x00, 0x00, 0x00, 0x00, 0x00, 0x00, 0x00, 0x00, 0x00, 0x00, 0x00, 0x00, 0x00, 0x00, 0x00, 0x00, 0x00, 0x00, 0x00, 0x00, 0x00, 0x00, 0x00, 0x00, 0x00, // [158] U+201C LEFT DOUBLE QUOTATION MARK
  0x00, 0x00, 0x00, 0x00, 0x00, 0x00, 0x00, 0x00, 0x00, 0x03, 0x38, 0x00, 0x07, 0x38, 0x00, 0x07, 0x70, 0x00, 0x0E, 0x70, 0x00, 0x0C, 0x60, 0x00, 0x0C, 0xC0, 0x00, 0x00, 0x00, 0x00, 0x00, 0x00, 0x00, 0x00, 0x00, 0x00, 0x00, 0x00, 0x00, 0x00, 0x00, 0x00, 0x00, 0x00, 0x00, 0x00, 0x00, 0x00, 0x00, 0x00, 0x00, 0x00, 0x00, 0x00, 0x00, 0x00, 0x00, 0x00, 0x00, 0x00, 0x00, 0x00, 0x00, 0x00, 0x00, 0x00, 0x00, 0x00, 0x00, 0x00, 0x00, 0x00, // [159] U+201D RIGHT DOUBLE QUOTATION MARK
  0x00, 0x00, 0x00, 0x00, 0x00, 0x00, 0x00, 0x00, 0x00, 0x00, 0x00, 0x00, 0x00, 0x00, 0x00, 0x00, 0x00, 0x00, 0x00, 0x00, 0x00, 0x00, 0x00, 0x00, 0x00, 0x00, 0x00, 0x00, 0x00, 0x00, 0x00, 0x00, 0x00, 0x00, 0x00, 0x00, 0x00, 0x00, 0x00, 0x00, 0x00, 0x00, 0x07, 0xB8, 0x00, 0x07, 0x78, 0x00, 0x06, 0x70, 0x00, 0x0E, 0x60, 0x00, 0x0C, 0xE0, 0x00, 0x08, 0x40, 0x00, 0x00, 0x00, 0x00, 0x00, 0x00, 0x00, 0x00, 0x00, 0x00, 0x00, 0x00, 0x00, // [160] U+201E DOUBLE LOW-9 QUOTATION MARK
  0x00, 0x00, 0x00, 0x00, 0x00, 0x00, 0x00, 0x00, 0x00, 0x00, 0xC0, 0x00, 0x00, 0xC0, 0x00, 0x00, 0xC0, 0x00, 0x00, 0xC0, 0x00, 0x0F, 0xF8, 0x00, 0x0F, 0xFC, 0x00, 0x07, 0xF8, 0x00, 0x00, 0xC0, 0x00, 0x00, 0xC0, 0x00, 0x00, 0xC0, 0x00, 0x00, 0xC0, 0x00, 0x00, 0xC0, 0x00, 0x00, 0xC0, 0x00, 0x00, 0xC0, 0x00, 0x00, 0xC0, 0x00, 0x00, 0xC0, 0x00, 0x00, 0x00, 0x00, 0x00, 0x00, 0x00, 0x00, 0x00, 0x00, 0x00, 0x00, 0x00, 0x00, 0x00, 0x00, // [161] U+2020 DAGGER
  0x00, 0x00, 0x00, 0x00, 0x00, 0x00, 0x00, 0x00, 0x00, 0x00, 0xC0, 0x00, 0x00, 0xC0, 0x00, 0x00, 0xC0, 0x00, 0x00, 0xC0, 0x00, 0x0F, 0xF8, 0x00, 0x0F, 0xFC, 0x00, 0x07, 0xF8, 0x00, 0x07, 0xF8, 0x00, 0x0F, 0xFC, 0x00, 0x0F, 0xF8, 0x00, 0x00, 0xC0, 0x00, 0x00, 0xC0, 0x00, 0x00, 0xC0, 0x00, 0x00, 0xC0, 0x00, 0x00, 0xC0, 0x00, 0x00, 0xC0, 0x00, 0x00, 0x00, 0x00, 0x00, 0x00, 0x00, 0x00, 0x00, 0x00, 0x00, 0x00, 0x00, 0x00, 0x00, 0x00, // [162] U+2021 DOUBLE DAGGER
  0x00, 0x00, 0x00, 0x00, 0x00, 0x00, 0x00, 0x00, 0x00, 0x00, 0x00, 0x00, 0x00, 0x00, 0x00, 0x00, 0x00, 0x00, 0x00, 0x80, 0x00, 0x03, 0xE0, 0x00, 0x03, 0xF0, 0x00, 0x07, 0xF0, 0x00, 0x07, 0xF0, 0x00, 0x03, 0xF0, 0x00, 0x03, 0xE0, 0x00, 0x00, 0xC0, 0x00, 0x00, 0x00, 0x00, 0x00, 0x00, 0x00, 0x00, 0x00, 0x00, 0x00, 0x00, 0x00, 0x00, 0x00, 0x00, 0x00, 0x00, 0x00, 0x00, 0x00, 0x00, 0x00, 0x00, 0x00, 0x00, 0x00, 0x00, 0x00, 0x00, 0x00, // [163] U+2022 BULLET
  0x00, 0x00, 0x00, 0x00, 0x00, 0x00, 0x00, 0x00, 0x00, 0x00, 0x00, 0x00, 0x00, 0x00, 0x00, 0x00, 0x00, 0x00, 0x00, 0x00, 0x00, 0x00, 0x00, 0x00, 0x00, 0x00, 0x00, 0x00, 0x00, 0x00, 0x00, 0x00, 0x00, 0x00, 0x00, 0x00, 0x00, 0x00, 0x00, 0x00, 0x00, 0x00, 0x1C, 0xCE, 0x00, 0x3D, 0xEE, 0x00, 0x1D, 0xEE, 0x00, 0x00, 0x00, 0x00, 0x00, 0x00, 0x00, 0x00, 0x00, 0x00, 0x00, 0x00, 0x00, 0x00, 0x00, 0x00, 0x00, 0x00, 0x00, 0x00, 0x00, 0x00, // [164] U+2026 HORIZONTAL ELLIPSIS
  0x00, 0x00, 0x00, 0x00, 0x00, 0x00, 0x00, 0x00, 0x00, 0x1C, 0x00, 0x00, 0x3E, 0x00, 0x00, 0x32, 0x00, 0x00, 0x32, 0x00, 0x00, 0x3E, 0x08, 0x00, 0x08, 0xF8, 0x00, 0x07, 0xE0, 0x00, 0x1E, 0x00, 0x00, 0x00, 0x00, 0x00, 0x07, 0x9E, 0x00, 0x0C, 0xF3, 0x00, 0x0C, 0xF3, 0x00, 0x0F, 0x9F, 0x00, 0x07, 0x9E, 0x00, 0x00, 0x00, 0x00, 0x00, 0x00, 0x00, 0x00, 0x00, 0x00, 0x00, 0x00, 0x00, 0x00, 0x00, 0x00, 0x00, 0x00, 0x00, 0x00, 0x00, 0x00, // [165] U+2030 PER MILLE SIGN
  0x00, 0x00, 0x00, 0x00, 0x00, 0x00, 0x00, 0x00, 0x00, 0x00, 0x40, 0x00, 0x00, 0x60, 0x00, 0x00, 0xE0, 0x00, 0x00, 0xC0, 0x00, 0x00, 0xC0, 0x00, 0x00, 0x80, 0x00, 0x00, 0x80, 0x00, 0x00, 0x00, 0x00, 0x00, 0x00, 0x00, 0x00, 0x00, 0x00, 0x00, 0x00, 0x00, 0x00, 0x00, 0x00, 0x00, 0x00, 0x00, 0x00, 0x00, 0x00, 0x00, 0x00, 0x00, 0x00, 0x00, 0x00, 0x00, 0x00, 0x00, 0x00, 0x00, 0x00, 0x00, 0x00, 0x00, 0x00, 0x00, 0x00, 0x00, 0x00, 0x00, // [166] U+2032 PRIME
  0x00, 0x00, 0x00, 0x00, 0x00, 0x00, 0x00, 0x00, 0x00, 0x01, 0x90, 0x00, 0x01, 0xB8, 0x00, 0x03, 0xB8, 0x00, 0x03, 0x30, 0x00, 0x03, 0x30, 0x00, 0x03, 0x20, 0x00, 0x02, 0x60, 0x00, 0x00, 0x00, 0x00, 0x00, 0x00, 0x00, 0x00, 0x00, 0x00, 0x00, 0x00, 0x00, 0x00, 0x00, 0x00, 0x00, 0x00, 0x00, 0x00, 0x00, 0x00, 0x00, 0x00, 0x00, 0x00, 0x00, 0x00, 0x00, 0x00, 0x00, 0x00, 0x00, 0x00, 0x00, 0x00, 0x00, 0x00, 0x00, 0x00, 0x00, 0x00, 0x00, // [167] U+2033 DOUBLE PRIME
  0x00, 0x00, 0x00, 0x00, 0x00, 0x00, 0x00, 0x00, 0x00, 0x00, 0x00, 0x00, 0x00, 0x00, 0x00, 0x00, 0x00, 0x00, 0x00, 0x00, 0x00, 0x00, 0x00, 0x00, 0x00, 0xC0, 0x00, 0x03, 0x80, 0x00, 0x07, 0x00, 0x00, 0x1E, 0x00, 0x00, 0x1E, 0x00, 0x00, 0x0F, 0x00, 0x00, 0x03, 0x80, 0x00, 0x01, 0xC0, 0x00, 0x00, 0x40, 0x00, 0x00, 0x00, 0x00, 0x00, 0x00, 0x00, 0x00, 0x00, 0x00, 0x00, 0x00, 0x00, 0x00, 0x00, 0x00, 0x00, 0x00, 0x00, 0x00, 0x00, 0x00, // [168] U+2039 SINGLE LEFT-POINTING ANGLE QUOTATION MARK
  0x00, 0x00, 0x00, 0x00, 0x00, 0x00, 0x00, 0x00, 0x00, 0x00, 0x00, 0x00, 0x00, 0x00, 0x00, 0x00, 0x00, 0x00, 0x00, 0x00, 0x00, 0x00, 0x00, 0x00, 0x00, 0xC0, 0x00, 0x00, 0x70, 0x00, 0x00, 0x38, 0x00, 0x00, 0x1E, 0x00, 0x00, 0x1E, 0x00, 0x00, 0x3C, 0x00, 0x00, 0x70, 0x00, 0x00, 0xE0, 0x00, 0x00, 0x80, 0x00, 0x00, 0x00, 0x00, 0x00, 0x00, 0x00, 0x00, 0x00, 0x00, 0x00, 0x00, 0x00, 0x00, 0x00, 0x00, 0x00, 0x00, 0x00, 0x00, 0x00, 0x00, // [169] U+203A SINGLE RIGHT-POINTING ANGLE QUOTATION MARK
  0x7F, 0xFF, 0x00, 0x7F, 0xFF, 0x80, 0x7F, 0xFF, 0x00, 0x00, 0x00, 0x00, 0x00, 0x00, 0x00, 0x00, 0x00, 0x00, 0x00, 0x00, 0x00, 0x00, 0x00, 0x00, 0x00, 0x00, 0x00, 0x00, 0x00, 0x00, 0x00, 0x00, 0x00, 0x00, 0x00, 0x00, 0x00, 0x00, 0x00, 0x00, 0x00, 0x00, 0x00, 0x00, 0x00, 0x00, 0x00, 0x00, 0x00, 0x00, 0x00, 0x00, 0x00, 0x00, 0x00, 0x00, 0x00, 0x00, 0x00, 0x00, 0x00, 0x00, 0x00, 0x00, 0x00, 0x00, 0x00, 0x00, 0x00, 0x00, 0x00, 0x00, // [170] U+203E OVERLINE
  0x00, 0x00, 0x00, 0x00, 0x00, 0x00, 0x00, 0x00, 0x00, 0x00, 0x00, 0x00, 0x00, 0x00, 0x00, 0x00, 0x00, 0x00, 0x00, 0x06, 0x00, 0x00, 0x1E, 0x00, 0x00, 0x7C, 0x00, 0x00, 0xF8, 0x00, 0x03, 0xE0, 0x00, 0x07, 0x80, 0x00, 0x1F, 0x00, 0x00, 0x3C, 0x00, 0x00, 0x18, 0x00, 0x00, 0x00, 0x00, 0x00, 0x00, 0x00, 0x00, 0x00, 0x00, 0x00, 0x00, 0x00, 0x00, 0x00, 0x00, 0x00, 0x00, 0x00, 0x00, 0x00, 0x00, 0x00, 0x00, 0x00, 0x00, 0x00, 0x00, 0x00, // [171] U+2044 FRACTION SLASH
  0x00, 0x00, 0x00, 0x00, 0x00, 0x00, 0x00, 0x00, 0x00, 0x00, 0x00, 0x00, 0x03, 0xFC, 0x00, 0x07, 0xFC, 0x00, 0x0F, 0x1C, 0x00, 0x0E, 0x0C, 0x00, 0x1C, 0x0C, 0x00, 0x3F, 0xE0, 0x00, 0x1C, 0x00, 0x00, 0x3F, 0xE0, 0x00, 0x1F, 0xC0, 0x00, 0x0E, 0x04, 0x00, 0x0F, 0x1E, 0x00, 0x07, 0xFC, 0x00, 0x03, 0xF8, 0x00, 0x00, 0x00, 0x00, 0x00, 0x00, 0x00, 0x00, 0x00, 0x00, 0x00, 0x00, 0x00, 0x00, 0x00, 0x00, 0x00, 0x00, 0x00, 0x00, 0x00, 0x00, // [172] U+20AC EURO SIGN
  0x00, 0x00, 0x00, 0x00, 0x00, 0x00, 0x00, 0x00, 0x00, 0x00, 0x00, 0x00, 0x3F, 0x67, 0x00, 0x3F, 0x77, 0x00, 0x3F, 0x7E, 0x00, 0x2D, 0x7E, 0x00, 0x0C, 0x7E, 0x00, 0x0C, 0x7E, 0x00, 0x0C, 0x66, 0x00, 0x1E, 0xF7, 0x00, 0x00, 0x00, 0x00, 0x00, 0x00, 0x00, 0x00, 0x00, 0x00, 0x00, 0x00, 0x00, 0x00, 0x00, 0x00, 0x00, 0x00, 0x00, 0x00, 0x00, 0x00, 0x00, 0x00, 0x00, 0x00, 0x00, 0x00, 0x00, 0x00, 0x00, 0x00, 0x00, 0x00, 0x00, 0x00, 0x00, // [173] U+2122 TRADE MARK SIGN
  0x00, 0x00, 0x00, 0x00, 0x00, 0x00, 0x00, 0x00, 0x00, 0x00, 0x00, 0x00, 0x00, 0x00, 0x00, 0x00, 0x00, 0x00, 0x00, 0x00, 0x00, 0x00, 0x00, 0x00, 0x00, 0x00, 0x00, 0x06, 0x00, 0x00, 0x0C, 0x00, 0x00, 0x1F, 0xFF, 0x00, 0x0C, 0x00, 0x00, 0x06, 0x00, 0x00, 0x00, 0x00, 0x00, 0x00, 0x00, 0x00, 0x00, 0x00, 0x00, 0x00, 0x00, 0x00, 0x00, 0x00, 0x00, 0x00, 0x00, 0x00, 0x00, 0x00, 0x00, 0x00, 0x00, 0x00, 0x00, 0x00, 0x00, 0x00, 0x00, 0x00, // [174] U+2190 LEFTWARDS ARROW
  0x00, 0x00, 0x00, 0x00, 0x00, 0x00, 0x00, 0x00, 0x00, 0x00, 0x00, 0x00, 0x00, 0x00, 0x00, 0x00, 0xC0, 0x00, 0x01, 0xC0, 0x00, 0x03, 0xE0, 0x00, 0x02, 0xB0, 0x00, 0x00, 0x80, 0x00, 0x00, 0x80, 0x00, 0x00, 0x80, 0x00, 0x00, 0x80, 0x00, 0x00, 0x80, 0x00, 0x00, 0x80, 0x00, 0x00, 0x80, 0x00, 0x00, 0x80, 0x00, 0x00, 0x00, 0x00, 0x00, 0x00, 0x00, 0x00, 0x00, 0x00, 0x00, 0x00, 0x00, 0x00, 0x00, 0x00, 0x00, 0x00, 0x00, 0x00, 0x00, 0x00, // [175] U+2191 UPWARDS ARROW
  0x00, 0x00, 0x00, 0x00, 0x00, 0x00, 0x00, 0x00, 0x00, 0x00, 0x00, 0x00, 0x00, 0x00, 0x00, 0x00, 0x00, 0x00, 0x00, 0x00, 0x00, 0x00, 0x00, 0x00, 0x00, 0x10, 0x00, 0x00, 0x18, 0x00, 0x00, 0x0E, 0x00, 0x3F, 0xFE, 0x00, 0x00, 0x0C, 0x00, 0x00, 0x18, 0x00, 0x00, 0x00, 0x00, 0x00, 0x00, 0x00, 0x00, 0x00, 0x00, 0x00, 0x00, 0x00, 0x00, 0x00, 0x00, 0x00, 0x00, 0x00, 0x00, 0x00, 0x00, 0x00, 0x00, 0x00, 0x00, 0x00, 0x00, 0x00, 0x00, 0x00, // [176] U+2192 RIGHTWARDS ARROW
  0x00, 0x00, 0x00, 0x00, 0x00, 0x00, 0x00, 0x00, 0x00, 0x00, 0x00, 0x00, 0x00, 0x80, 0x00, 0x00, 0x80, 0x00, 0x00, 0x80, 0x00, 0x00, 0x80, 0x00, 0x00, 0x80, 0x00, 0x00, 0x80, 0x00, 0x00, 0x80, 0x00, 0x00, 0x80, 0x00, 0x00, 0x80, 0x00, 0x02, 0xB0, 0x00, 0x03, 0xE0, 0x00, 0x01, 0xC0, 0x00, 0x00, 0x80, 0x00, 0x00, 0x00, 0x00, 0x00, 0x00, 0x00, 0x00, 0x00, 0x00, 0x00, 0x00, 0x00, 0x00, 0x00, 0x00, 0x00, 0x00, 0x00, 0x00, 0x00, 0x00, // [177] U+2193 DOWNWARDS ARROW
  0x00, 0x00, 0x00, 0x00, 0x00, 0x00, 0x00, 0x00, 0x00, 0x00, 0x00, 0x00, 0x00, 0x00, 0x00, 0x00, 0x00, 0x00, 0x00, 0x00, 0x00, 0x00, 0x00, 0x00, 0x02, 0x10, 0x00, 0x06, 0x18, 0x00, 0x1C, 0x0E, 0x00, 0x1F, 0xFE, 0x00, 0x0C, 0x0C, 0x00, 0x06, 0x18, 0x00, 0x00, 0x00, 0x00, 0x00, 0x00, 0x00, 0x00, 0x00, 0x00, 0x00, 0x00, 0x00, 0x00, 0x00, 0x00, 0x00, 0x00, 0x00, 0x00, 0x00, 0x00, 0x00, 0x00, 0x00, 0x00, 0x00, 0x00, 0x00, 0x00, 0x00, // [178] U+2194 LEFT RIGHT ARROW
  0x00, 0x00, 0x00, 0x00, 0x00, 0x00, 0x00, 0x00, 0x00, 0x00, 0x00, 0x00, 0x00, 0x04, 0x00, 0x00, 0x04, 0x00, 0x00, 0x04, 0x00, 0x00, 0x04, 0x00, 0x00, 0x04, 0x00, 0x00, 0x04, 0x00, 0x03, 0x04, 0x00, 0x06, 0x04, 0x00, 0x0F, 0xFC, 0x00, 0x07, 0x00, 0x00, 0x03, 0x00, 0x00, 0x01, 0x00, 0x00, 0x00, 0x00, 0x00, 0x00, 0x00, 0x00, 0x00, 0x00, 0x00, 0x00, 0x00, 0x00, 0x00, 0x00, 0x00, 0x00, 0x00, 0x00, 0x00, 0x00, 0x00, 0x00, 0x00, 0x00, // [179] U+21B5 DOWNWARDS ARROW WITH CORNER LEFTWARDS
  0x00, 0x00, 0x00, 0x00, 0x00, 0x00, 0x00, 0x00, 0x00, 0x18, 0x04, 0x00, 0x08, 0x04, 0x00, 0x08, 0x0C, 0x00, 0x0C, 0x0C, 0x00, 0x07, 0xF8, 0x00, 0x06, 0x18, 0x00, 0x06, 0x10, 0x00, 0x02, 0x30, 0x00, 0x02, 0x30, 0x00, 0x03, 0x20, 0x00, 0x01, 0x60, 0x00, 0x01, 0x60, 0x00, 0x01, 0xC0, 0x00, 0x00, 0xC0, 0x00, 0x00, 0x00, 0x00, 0x00, 0x00, 0x00, 0x00, 0x00, 0x00, 0x00, 0x00, 0x00, 0x00, 0x00, 0x00, 0x00, 0x00, 0x00, 0x00, 0x00, 0x00, // [180] U+2200 FOR ALL
  0x00, 0x00, 0x00, 0x00, 0x00, 0x00, 0x00, 0x00, 0x00, 0x02, 0x00, 0x00, 0x03, 0xC0, 0x00, 0x00, 0x70, 0x00, 0x00, 0x18, 0x00, 0x03, 0xF8, 0x00, 0x07, 0x3C, 0x00, 0x0C, 0x0C, 0x00, 0x08, 0x0C, 0x00, 0x18, 0x04, 0x00, 0x18, 0x04, 0x00, 0x08, 0x04, 0x00, 0x0C, 0x0C, 0x00, 0x06, 0x18, 0x00, 0x03, 0xF0, 0x00, 0x00, 0xC0, 0x00, 0x00, 0x00, 0x00, 0x00, 0x00, 0x00, 0x00, 0x00, 0x00, 0x00, 0x00, 0x00, 0x00, 0x00, 0x00, 0x00, 0x00, 0x00, // [181] U+2202 PARTIAL DIFFERENTIAL
  0x00, 0x00, 0x00, 0x00, 0x00, 0x00, 0x00, 0x00, 0x00, 0x00, 0x00, 0x00, 0x07, 0xF8, 0x00, 0x00, 0x18, 0x00, 0x00, 0x18, 0x00, 0x00, 0x18, 0x00, 0x00, 0x18, 0x00, 0x00, 0x18, 0x00, 0x07, 0xF8, 0x00, 0x00, 0x18, 0x00, 0x00, 0x18, 0x00, 0x00, 0x18, 0x00, 0x00, 0x18, 0x00, 0x00, 0x18, 0x00, 0x07, 0xF8, 0x00, 0x00, 0x00, 0x00, 0x00, 0x00, 0x00, 0x00, 0x00, 0x00, 0x00, 0x00, 0x00, 0x00, 0x00, 0x00, 0x00, 0x00, 0x00, 0x00, 0x00, 0x00, // [182] U+2203 THERE EXISTS
  0x00, 0x00, 0x00, 0x00, 0x00, 0x00, 0x00, 0x00, 0x00, 0x00, 0x00, 0x00, 0x00, 0x00, 0x00, 0x00, 0x00, 0x00, 0x00, 0x18, 0x00, 0x01, 0xF0, 0x00, 0x07, 0xF0, 0x00, 0x0C, 0x38, 0x00, 0x08, 0x6C, 0x00, 0x08, 0x44, 0x00, 0x18, 0xC4, 0x00, 0x09, 0x84, 0x00, 0x0D, 0x0C, 0x00, 0x07, 0x18, 0x00, 0x03, 0xF0, 0x00, 0x06, 0x00, 0x00, 0x04, 0x00, 0x00, 0x00, 0x00, 0x00, 0x00, 0x00, 0x00, 0x00, 0x00, 0x00, 0x00, 0x00, 0x00, 0x00, 0x00, 0x00, // [183] U+2205 EMPTY SET
  0x00, 0x00, 0x00, 0x00, 0x00, 0x00, 0x00, 0x00, 0x00, 0x00, 0x00, 0x00, 0x3F, 0xFF, 0x00, 0x1F, 0xFE, 0x00, 0x1C, 0x0E, 0x00, 0x0C, 0x0C, 0x00, 0x0E, 0x1C, 0x00, 0x0E, 0x18, 0x00, 0x07, 0x38, 0x00, 0x07, 0x30, 0x00, 0x03, 0x70, 0x00, 0x03, 0xF0, 0x00, 0x01, 0xE0, 0x00, 0x01, 0xE0, 0x00, 0x00, 0xC0, 0x00, 0x00, 0x00, 0x00, 0x00, 0x00, 0x00, 0x00, 0x00, 0x00, 0x00, 0x00, 0x00, 0x00, 0x00, 0x00, 0x00, 0x00, 0x00, 0x00, 0x00, 0x00, // [184] U+2207 NABLA
  0x00, 0x00, 0x00, 0x00, 0x00, 0x00, 0x00, 0x00, 0x00, 0x00, 0x00, 0x00, 0x00, 0x00, 0x00, 0x03, 0xFE, 0x00, 0x0F, 0xFE, 0x00, 0x18, 0x00, 0x00, 0x10, 0x00, 0x00, 0x30, 0x00, 0x00, 0x3F, 0xFE, 0x00, 0x3F, 0xFE, 0x00, 0x30, 0x00, 0x00, 0x10, 0x00, 0x00, 0x18, 0x00, 0x00, 0x0E, 0x00, 0x00, 0x07, 0xFF, 0x00, 0x00, 0x00, 0x00, 0x00, 0x00, 0x00, 0x00, 0x00, 0x00, 0x00, 0x00, 0x00, 0x00, 0x00, 0x00, 0x00, 0x00, 0x00, 0x00, 0x00, 0x00, // [185] U+2208 ELEMENT OF
  0x00, 0x00, 0x00, 0x00, 0x00, 0x00, 0x00, 0x00, 0x00, 0x00, 0x0C, 0x00, 0x00, 0x08, 0x00, 0x03, 0xFE, 0x00, 0x0F, 0xFE, 0x00, 0x18, 0x30, 0x00, 0x10, 0x20, 0x00, 0x30, 0x60, 0x00, 0x3F, 0xFE, 0x00, 0x3F, 0xFE, 0x00, 0x30, 0x80, 0x00, 0x11, 0x80, 0x00, 0x19, 0x00, 0x00, 0x0F, 0x00, 0x00, 0x07, 0xFF, 0x00, 0x06, 0x00, 0x00, 0x04, 0x00, 0x00, 0x00, 0x00, 0x00, 0x00, 0x00, 0x00, 0x00, 0x00, 0x00, 0x00, 0x00, 0x00, 0x00, 0x00, 0x00, // [186] U+2209 NOT AN ELEMENT OF
  0x00, 0x00, 0x00, 0x00, 0x00, 0x00, 0x00, 0x00, 0x00, 0x00, 0x00, 0x00, 0x00, 0x00, 0x00, 0x3F, 0xF0, 0x00, 0x1F, 0xFC, 0x00, 0x00, 0x06, 0x00, 0x00, 0x06, 0x00, 0x00, 0x02, 0x00, 0x1F, 0xFE, 0x00, 0x3F, 0xFE, 0x00, 0x00, 0x02, 0x00, 0x00, 0x02, 0x00, 0x00, 0x06, 0x00, 0x00, 0x1C, 0x00, 0x3F, 0xF8, 0x00, 0x00, 0x00, 0x00, 0x00, 0x00, 0x00, 0x00, 0x00, 0x00, 0x00, 0x00, 0x00, 0x00, 0x00, 0x00, 0x00, 0x00, 0x00, 0x00, 0x00, 0x00, // [187] U+220B CONTAINS AS MEMBER
  0x00, 0x00, 0x00, 0x00, 0x00, 0x00, 0x1F, 0xFE, 0x00, 0x3F, 0xFE, 0x00, 0x1F, 0xFE, 0x00, 0x0E, 0x1C, 0x00, 0x0E, 0x1C, 0x00, 0x0E, 0x1C, 0x00, 0x0E, 0x1C, 0x00, 0x0E, 0x1C, 0x00, 0x0E, 0x1C, 0x00, 0x0E, 0x1C, 0x00, 0x0E, 0x1C, 0x00, 0x0E, 0x1C, 0x00, 0x0E, 0x1C, 0x00, 0x0E, 0x1C, 0x00, 0x1F, 0x3E, 0x00, 0x3F, 0x7E, 0x00, 0x1F, 0x3E, 0x00, 0x00, 0x00, 0x00, 0x00, 0x00, 0x00, 0x00, 0x00, 0x00, 0x00, 0x00, 0x00, 0x00, 0x00, 0x00, // [188] U+220F N-ARY PRODUCT
  0x00, 0x00, 0x00, 0x00, 0x00, 0x00, 0x0F, 0xFC, 0x00, 0x0F, 0xFE, 0x00, 0x0F, 0xFE, 0x00, 0x07, 0x0E, 0x00, 0x07, 0x8E, 0x00, 0x03, 0xCC, 0x00, 0x01, 0xC0, 0x00, 0x01, 0xE0, 0x00, 0x01, 0xE0, 0x00, 0x01, 0xC0, 0x00, 0x03, 0x80, 0x00, 0x07, 0x8C, 0x00, 0x07, 0x0E, 0x00, 0x0F, 0x0E, 0x00, 0x0F, 0xFE, 0x00, 0x0F, 0xFE, 0x00, 0x0F, 0xFC, 0x00, 0x00, 0x00, 0x00, 0x00, 0x00, 0x00, 0x00, 0x00, 0x00, 0x00, 0x00, 0x00, 0x00, 0x00, 0x00, // [189] U+2211 N-ARY SUMMATION
  0x00, 0x00, 0x00, 0x00, 0x00, 0x00, 0x00, 0x00, 0x00, 0x00, 0x00, 0x00, 0x00, 0x00, 0x00, 0x00, 0x00, 0x00, 0x00, 0x00, 0x00, 0x00, 0x00, 0x00, 0x00, 0x00, 0x00, 0x0F, 0xFC, 0x00, 0x1F, 0xFE, 0x00, 0x1F, 0xFE, 0x00, 0x00, 0x00, 0x00, 0x00, 0x00, 0x00, 0x00, 0x00, 0x00, 0x00, 0x00, 0x00, 0x00, 0x00, 0x00, 0x00, 0x00, 0x00, 0x00, 0x00, 0x00, 0x00, 0x00, 0x00, 0x00, 0x00, 0x00, 0x00, 0x00, 0x00, 0x00, 0x00, 0x00, 0x00, 0x00, 0x00, // [190] U+2212 MINUS SIGN
  0x00, 0x00, 0x00, 0x00, 0x00, 0x00, 0x00, 0x00, 0x00, 0x00, 0x00, 0x00, 0x00, 0x00, 0x00, 0x00, 0x00, 0x00, 0x00, 0x00, 0x00, 0x00, 0xC0, 0x00, 0x00, 0xC0, 0x00, 0x07, 0xF0, 0x00, 0x03, 0xE0, 0x00, 0x03, 0xF0, 0x00, 0x03, 0xF0, 0x00, 0x00, 0xC0, 0x00, 0x00, 0xC0, 0x00, 0x00, 0x00, 0x00, 0x00, 0x00, 0x00, 0x00, 0x00, 0x00, 0x00, 0x00, 0x00, 0x00, 0x00, 0x00, 0x00, 0x00, 0x00, 0x00, 0x00, 0x00, 0x00, 0x00, 0x00, 0x00, 0x00, 0x00, // [191] U+2217 ASTERISK OPERATOR
  0x00, 0x00, 0x00, 0x00, 0x1F, 0x80, 0x00, 0x30, 0x00, 0x00, 0x30, 0x00, 0x00, 0x20, 0x00, 0x00, 0x60, 0x00, 0x00, 0x60, 0x00, 0x00, 0x40, 0x00, 0x00, 0xC0, 0x00, 0x00, 0xC0, 0x00, 0x3C, 0x80, 0x00, 0x05, 0x80, 0x00, 0x05, 0x00, 0x00, 0x07, 0x00, 0x00, 0x07, 0x00, 0x00, 0x02, 0x00, 0x00, 0x02, 0x00, 0x00, 0x00, 0x00, 0x00, 0x00, 0x00, 0x00, 0x00, 0x00, 0x00, 0x00, 0x00, 0x00, 0x00, 0x00, 0x00, 0x00, 0x00, 0x00, 0x00, 0x00, 0x00, // [192] U+221A SQUARE ROOT
  0x00, 0x00, 0x00, 0x00, 0x00, 0x00, 0x00, 0x00, 0x00, 0x00, 0x00, 0x00, 0x00, 0x00, 0x00, 0x00, 0x00, 0x00, 0x00, 0x00, 0x00, 0x00, 0x00, 0x00, 0x0E, 0x18, 0x00, 0x1F, 0x70, 0x00, 0x31, 0xC0, 0x00, 0x30, 0xC0, 0x00, 0x1B, 0xF0, 0x00, 0x1E, 0x18, 0x00, 0x00, 0x00, 0x00, 0x00, 0x00, 0x00, 0x00, 0x00, 0x00, 0x00, 0x00, 0x00, 0x00, 0x00, 0x00, 0x00, 0x00, 0x00, 0x00, 0x00, 0x00, 0x00, 0x00, 0x00, 0x00, 0x00, 0x00, 0x00, 0x00, 0x00, // [193] U+221D PROPORTIONAL TO
  0x00, 0x00, 0x00, 0x00, 0x00, 0x00, 0x00, 0x00, 0x00, 0x00, 0x00, 0x00, 0x00, 0x00, 0x00, 0x00, 0x00, 0x00, 0x00, 0x00, 0x00, 0x04, 0x08, 0x00, 0x1F, 0x3E, 0x00, 0x31, 0xE2, 0x00, 0x30, 0xC3, 0x00, 0x31, 0xE2, 0x00, 0x1F, 0x3E, 0x00, 0x04, 0x08, 0x00, 0x00, 0x00, 0x00, 0x00, 0x00, 0x00, 0x00, 0x00, 0x00, 0x00, 0x00, 0x00, 0x00, 0x00, 0x00, 0x00, 0x00, 0x00, 0x00, 0x00, 0x00, 0x00, 0x00, 0x00, 0x00, 0x00, 0x00, 0x00, 0x00, 0x00, // [194] U+221E INFINITY
  0x00, 0x00, 0x00, 0x00, 0x00, 0x00, 0x00, 0x00, 0x00, 0x00, 0x00, 0x00, 0x00, 0x00, 0x00, 0x00, 0x00, 0x00, 0x00, 0x00, 0x00, 0x00, 0x18, 0x00, 0x00, 0x30, 0x00, 0x00, 0x60, 0x00, 0x00, 0xC0, 0x00, 0x01, 0x80, 0x00, 0x03, 0x00, 0x00, 0x06, 0x00, 0x00, 0x0C, 0x00, 0x00, 0x18, 0x00, 0x00, 0x3F, 0xFF, 0x00, 0x00, 0x00, 0x00, 0x00, 0x00, 0x00, 0x00, 0x00, 0x00, 0x00, 0x00, 0x00, 0x00, 0x00, 0x00, 0x00, 0x00, 0x00, 0x00, 0x00, 0x00, // [195] U+2220 ANGLE
  0x00, 0x00, 0x00, 0x00, 0x00, 0x00, 0x00, 0x00, 0x00, 0x00, 0x00, 0x00, 0x00, 0x00, 0x00, 0x00, 0x00, 0x00, 0x00, 0x00, 0x00, 0x00, 0xC0, 0x00, 0x01, 0xE0, 0x00, 0x01, 0xE0, 0x00, 0x01, 0x20, 0x00, 0x03, 0x30, 0x00, 0x02, 0x10, 0x00, 0x06, 0x18, 0x00, 0x04, 0x18, 0x00, 0x04, 0x08, 0x00, 0x0C, 0x0C, 0x00, 0x00, 0x00, 0x00, 0x00, 0x00, 0x00, 0x00, 0x00, 0x00, 0x00, 0x00, 0x00, 0x00, 0x00, 0x00, 0x00, 0x00, 0x00, 0x00, 0x00, 0x00, // [196] U+2227 LOGICAL AND
  0x00, 0x00, 0x00, 0x00, 0x00, 0x00, 0x00, 0x00, 0x00, 0x00, 0x00, 0x00, 0x00, 0x00, 0x00, 0x00, 0x00, 0x00, 0x00, 0x00, 0x00, 0x0C, 0x0C, 0x00, 0x04, 0x08, 0x00, 0x04, 0x18, 0x00, 0x06, 0x18, 0x00, 0x02, 0x10, 0x00, 0x03, 0x30, 0x00, 0x01, 0x20, 0x00, 0x01, 0xE0, 0x00, 0x01, 0xE0, 0x00, 0x00, 0xC0, 0x00, 0x00, 0x00, 0x00, 0x00, 0x00, 0x00, 0x00, 0x00, 0x00, 0x00, 0x00, 0x00, 0x00, 0x00, 0x00, 0x00, 0x00, 0x00, 0x00, 0x00, 0x00, // [197] U+2228 LOGICAL OR
  0x00, 0x00, 0x00, 0x00, 0x00, 0x00, 0x00, 0x00, 0x00, 0x00, 0x00, 0x00, 0x03, 0xE0, 0x00, 0x07, 0x38, 0x00, 0x0C, 0x0C, 0x00, 0x08, 0x04, 0x00, 0x18, 0x04, 0x00, 0x18, 0x04, 0x00, 0x18, 0x04, 0x00, 0x18, 0x04, 0x00, 0x18, 0x04, 0x00, 0x18, 0x04, 0x00, 0x18, 0x04, 0x00, 0x18, 0x04, 0x00, 0x18, 0x04, 0x00, 0x00, 0x00, 0x00, 0x00, 0x00, 0x00, 0x00, 0x00, 0x00, 0x00, 0x00, 0x00, 0x00, 0x00, 0x00, 0x00, 0x00, 0x00, 0x00, 0x00, 0x00, // [198] U+2229 INTERSECTION
  0x00, 0x00, 0x00, 0x00, 0x00, 0x00, 0x00, 0x00, 0x00, 0x00, 0x00, 0x00, 0x18, 0x04, 0x00, 0x18, 0x04, 0x00, 0x18, 0x04, 0x00, 0x18, 0x04, 0x00, 0x18, 0x04, 0x00, 0x18, 0x04, 0x00, 0x18, 0x04, 0x00, 0x18, 0x04, 0x00, 0x18, 0x04, 0x00, 0x08, 0x04, 0x00, 0x0C, 0x0C, 0x00, 0x07, 0x38, 0x00, 0x03, 0xF0, 0x00, 0x00, 0x00, 0x00, 0x00, 0x00, 0x00, 0x00, 0x00, 0x00, 0x00, 0x00, 0x00, 0x00, 0x00, 0x00, 0x00, 0x00, 0x00, 0x00, 0x00, 0x00, // [199] U+222A UNION
  0x00, 0x00, 0x00, 0x00, 0x00, 0x00, 0x00, 0x30, 0x00, 0x00, 0x78, 0x00, 0x00, 0xD0, 0x00, 0x00, 0xC0, 0x00, 0x00, 0xC0, 0x00, 0x00, 0xC0, 0x00, 0x00, 0xC0, 0x00, 0x00, 0xC0, 0x00, 0x00, 0xC0, 0x00, 0x00, 0xC0, 0x00, 0x00, 0xC0, 0x00, 0x00, 0xC0, 0x00, 0x00, 0xC0, 0x00, 0x00, 0xC0, 0x00, 0x00, 0xC0, 0x00, 0x00, 0xC0, 0x00, 0x00, 0xC0, 0x00, 0x02, 0x80, 0x00, 0x07, 0x80, 0x00, 0x03, 0x00, 0x00, 0x00, 0x00, 0x00, 0x00, 0x00, 0x00, // [200] U+222B INTEGRAL
  0x00, 0x00, 0x00, 0x00, 0x00, 0x00, 0x00, 0x00, 0x00, 0x00, 0x00, 0x00, 0x00, 0xC0, 0x00, 0x01, 0xE0, 0x00, 0x01, 0xC0, 0x00, 0x00, 0x00, 0x00, 0x00, 0x00, 0x00, 0x00, 0x00, 0x00, 0x00, 0x00, 0x00, 0x00, 0x00, 0x00, 0x00, 0x00, 0x00, 0x00, 0x00, 0x00, 0x1C, 0x0E, 0x00, 0x1C, 0x0E, 0x00, 0x1C, 0x0E, 0x00, 0x00, 0x00, 0x00, 0x00, 0x00, 0x00, 0x00, 0x00, 0x00, 0x00, 0x00, 0x00, 0x00, 0x00, 0x00, 0x00, 0x00, 0x00, 0x00, 0x00, 0x00, // [201] U+2234 THEREFORE
  0x00, 0x00, 0x00, 0x00, 0x00, 0x00, 0x00, 0x00, 0x00, 0x00, 0x00, 0x00, 0x00, 0x00, 0x00, 0x00, 0x00, 0x00, 0x00, 0x00, 0x00, 0x00, 0x00, 0x00, 0x0F, 0x82, 0x00, 0x1F, 0xFE, 0x00, 0x1F, 0xFE, 0x00, 0x00, 0x38, 0x00, 0x00, 0x00, 0x00, 0x00, 0x00, 0x00, 0x00, 0x00, 0x00, 0x00, 0x00, 0x00, 0x00, 0x00, 0x00, 0x00, 0x00, 0x00, 0x00, 0x00, 0x00, 0x00, 0x00, 0x00, 0x00, 0x00, 0x00, 0x00, 0x00, 0x00, 0x00, 0x00, 0x00, 0x00, 0x00, 0x00, // [202] U+223C TILDE OPERATOR
  0x00, 0x00, 0x00, 0x00, 0x00, 0x00, 0x00, 0x00, 0x00, 0x00, 0x00, 0x00, 0x07, 0x8C, 0x00, 0x0F, 0xFE, 0x00, 0x1F, 0xFC, 0x00, 0x1C, 0xF8, 0x00, 0x00, 0x00, 0x00, 0x1F, 0xFE, 0x00, 0x1F, 0xFE, 0x00, 0x0F, 0xFC, 0x00, 0x00, 0x00, 0x00, 0x1F, 0xFE, 0x00, 0x1F, 0xFE, 0x00, 0x00, 0x00, 0x00, 0x00, 0x00, 0x00, 0x00, 0x00, 0x00, 0x00, 0x00, 0x00, 0x00, 0x00, 0x00, 0x00, 0x00, 0x00, 0x00, 0x00, 0x00, 0x00, 0x00, 0x00, 0x00, 0x00, 0x00, // [203] U+2245 APPROXIMATELY EQUAL TO
  0x00, 0x00, 0x00, 0x00, 0x00, 0x00, 0x00, 0x00, 0x00, 0x00, 0x00, 0x00, 0x00, 0x00, 0x00, 0x00, 0x00, 0x00, 0x03, 0x00, 0x00, 0x0F, 0x8C, 0x00, 0x1F, 0xFC, 0x00, 0x1D, 0xFC, 0x00, 0x1C, 0xF8, 0x00, 0x0F, 0x8C, 0x00, 0x0F, 0xFE, 0x00, 0x1F, 0xFC, 0x00, 0x1C, 0xF8, 0x00, 0x00, 0x30, 0x00, 0x00, 0x00, 0x00, 0x00, 0x00, 0x00, 0x00, 0x00, 0x00, 0x00, 0x00, 0x00, 0x00, 0x00, 0x00, 0x00, 0x00, 0x00, 0x00, 0x00, 0x00, 0x00, 0x00, 0x00, // [204] U+2248 ALMOST EQUAL TO
  0x00, 0x00, 0x00, 0x00, 0x00, 0x00, 0x00, 0x00, 0x00, 0x00, 0x00, 0x00, 0x00, 0x00, 0x00, 0x00, 0x10, 0x00, 0x00, 0x38, 0x00, 0x0F, 0xFC, 0x00, 0x1F, 0xFE, 0x00, 0x1F, 0xFE, 0x00, 0x01, 0xE0, 0x00, 0x0F, 0xFC, 0x00, 0x1F, 0xFE, 0x00, 0x1F, 0xFE, 0x00, 0x07, 0x00, 0x00, 0x07, 0x00, 0x00, 0x02, 0x00, 0x00, 0x00, 0x00, 0x00, 0x00, 0x00, 0x00, 0x00, 0x00, 0x00, 0x00, 0x00, 0x00, 0x00, 0x00, 0x00, 0x00, 0x00, 0x00, 0x00, 0x00, 0x00, // [205] U+2260 NOT EQUAL TO
  0x00, 0x00, 0x00, 0x00, 0x00, 0x00, 0x00, 0x00, 0x00, 0x00, 0x00, 0x00, 0x00, 0x00, 0x00, 0x0F, 0xFC, 0x00, 0x1F, 0xFE, 0x00, 0x1F, 0xFE, 0x00, 0x00, 0x00, 0x00, 0x0F, 0xFC, 0x00, 0x1F, 0xFE, 0x00, 0x1F, 0xFE, 0x00, 0x00, 0x00, 0x00, 0x0F, 0xFC, 0x00, 0x1F, 0xFE, 0x00, 0x1F, 0xFE, 0x00, 0x00, 0x00, 0x00, 0x00, 0x00, 0x00, 0x00, 0x00, 0x00, 0x00, 0x00, 0x00, 0x00, 0x00, 0x00, 0x00, 0x00, 0x00, 0x00, 0x00, 0x00, 0x00, 0x00, 0x00, // [206] U+2261 IDENTICAL TO
  0x00, 0x00, 0x00, 0x00, 0x00, 0x00, 0x00, 0x00, 0x00, 0x00, 0x00, 0x00, 0x00, 0x1E, 0x00, 0x00, 0x7E, 0x00, 0x01, 0xF8, 0x00, 0x0F, 0xE0, 0x00, 0x3F, 0x80, 0x00, 0x1F, 0x80, 0x00, 0x07, 0xF0, 0x00, 0x01, 0xFC, 0x00, 0x00, 0x3E, 0x00, 0x00, 0x0E, 0x00, 0x00, 0x00, 0x00, 0x1F, 0xFE, 0x00, 0x1F, 0xFC, 0x00, 0x00, 0x00, 0x00, 0x00, 0x00, 0x00, 0x00, 0x00, 0x00, 0x00, 0x00, 0x00, 0x00, 0x00, 0x00, 0x00, 0x00, 0x00, 0x00, 0x00, 0x00, // [207] U+2264 LESS-THAN OR EQUAL TO
  0x00, 0x00, 0x00, 0x00, 0x00, 0x00, 0x00, 0x00, 0x00, 0x00, 0x00, 0x00, 0x1C, 0x00, 0x00, 0x1F, 0x00, 0x00, 0x0F, 0xE0, 0x00, 0x03, 0xF8, 0x00, 0x00, 0x7E, 0x00, 0x00, 0xFE, 0x00, 0x03, 0xF0, 0x00, 0x0F, 0xC0, 0x00, 0x1F, 0x00, 0x00, 0x18, 0x00, 0x00, 0x00, 0x00, 0x00, 0x1F, 0xFE, 0x00, 0x1F, 0xFE, 0x00, 0x00, 0x00, 0x00, 0x00, 0x00, 0x00, 0x00, 0x00, 0x00, 0x00, 0x00, 0x00, 0x00, 0x00, 0x00, 0x00, 0x00, 0x00, 0x00, 0x00, 0x00, // [208] U+2265 GREATER-THAN OR EQUAL TO
  0x00, 0x00, 0x00, 0x00, 0x00, 0x00, 0x00, 0x00, 0x00, 0x00, 0x00, 0x00, 0x00, 0x00, 0x00, 0x00, 0x00, 0x00, 0x07, 0xFE, 0x00, 0x0F, 0xFE, 0x00, 0x18, 0x00, 0x00, 0x30, 0x00, 0x00, 0x20, 0x00, 0x00, 0x20, 0x00, 0x00, 0x20, 0x00, 0x00, 0x30, 0x00, 0x00, 0x10, 0x00, 0x00, 0x1C, 0x00, 0x00, 0x07, 0xFE, 0x00, 0x00, 0x00, 0x00, 0x00, 0x00, 0x00, 0x00, 0x00, 0x00, 0x00, 0x00, 0x00, 0x00, 0x00, 0x00, 0x00, 0x00, 0x00, 0x00, 0x00, 0x00, // [209] U+2282 SUBSET OF
  0x00, 0x00, 0x00, 0x00, 0x00, 0x00, 0x00, 0x00, 0x00, 0x00, 0x00, 0x00, 0x00, 0x00, 0x00, 0x00, 0x00, 0x00, 0x3F, 0xF0, 0x00, 0x3F, 0xF8, 0x00, 0x00, 0x0C, 0x00, 0x00, 0x06, 0x00, 0x00, 0x02, 0x00, 0x00, 0x02, 0x00, 0x00, 0x02, 0x00, 0x00, 0x06, 0x00, 0x00, 0x04, 0x00, 0x00, 0x1C, 0x00, 0x3F, 0xF0, 0x00, 0x00, 0x00, 0x00, 0x00, 0x00, 0x00, 0x00, 0x00, 0x00, 0x00, 0x00, 0x00, 0x00, 0x00, 0x00, 0x00, 0x00, 0x00, 0x00, 0x00, 0x00, // [210] U+2283 SUPERSET OF
  0x00, 0x00, 0x00, 0x00, 0x00, 0x00, 0x00, 0x00, 0x00, 0x00, 0x02, 0x00, 0x00, 0x06, 0x00, 0x00, 0x04, 0x00, 0x03, 0xFF, 0x00, 0x0F, 0xFE, 0x00, 0x18, 0x10, 0x00, 0x10, 0x30, 0x00, 0x30, 0x60, 0x00, 0x30, 0x40, 0x00, 0x30, 0xC0, 0x00, 0x11, 0x80, 0x00, 0x19, 0x00, 0x00, 0x0F, 0x00, 0x00, 0x07, 0xFF, 0x00, 0x04, 0x00, 0x00, 0x0C, 0x00, 0x00, 0x00, 0x00, 0x00, 0x00, 0x00, 0x00, 0x00, 0x00, 0x00, 0x00, 0x00, 0x00, 0x00, 0x00, 0x00, // [211] U+2284 NOT A SUBSET OF
  0x00, 0x00, 0x00, 0x00, 0x00, 0x00, 0x00, 0x00, 0x00, 0x07, 0xFE, 0x00, 0x1C, 0x00, 0x00, 0x10, 0x00, 0x00, 0x30, 0x00, 0x00, 0x20, 0x00, 0x00, 0x20, 0x00, 0x00, 0x20, 0x00, 0x00, 0x30, 0x00, 0x00, 0x18, 0x00, 0x00, 0x0F, 0xFE, 0x00, 0x07, 0xFE, 0x00, 0x00, 0x00, 0x00, 0x00, 0x00, 0x00, 0x3F, 0xFE, 0x00, 0x00, 0x00, 0x00, 0x00, 0x00, 0x00, 0x00, 0x00, 0x00, 0x00, 0x00, 0x00, 0x00, 0x00, 0x00, 0x00, 0x00, 0x00, 0x00, 0x00, 0x00, // [212] U+2286 SUBSET OF OR EQUAL TO
  0x00, 0x00, 0x00, 0x00, 0x00, 0x00, 0x00, 0x00, 0x00, 0x3F, 0xF0, 0x00, 0x00, 0x1C, 0x00, 0x00, 0x04, 0x00, 0x00, 0x06, 0x00, 0x00, 0x02, 0x00, 0x00, 0x02, 0x00, 0x00, 0x02, 0x00, 0x00, 0x06, 0x00, 0x00, 0x0C, 0x00, 0x3F, 0xF8, 0x00, 0x3F, 0xF0, 0x00, 0x00, 0x00, 0x00, 0x00, 0x00, 0x00, 0x3F, 0xFE, 0x00, 0x00, 0x00, 0x00, 0x00, 0x00, 0x00, 0x00, 0x00, 0x00, 0x00, 0x00, 0x00, 0x00, 0x00, 0x00, 0x00, 0x00, 0x00, 0x00, 0x00, 0x00, // [213] U+2287 SUPERSET OF OR EQUAL TO
  0x00, 0x00, 0x00, 0x00, 0x00, 0x00, 0x00, 0x00, 0x00, 0x00, 0x00, 0x00, 0x00, 0x00, 0x00, 0x00, 0xC0, 0x00, 0x03, 0xF0, 0x00, 0x0E, 0xD8, 0x00, 0x08, 0xCC, 0x00, 0x18, 0xC4, 0x00, 0x18, 0xC6, 0x00, 0x1F, 0xFE, 0x00, 0x18, 0xC6, 0x00, 0x18, 0xC4, 0x00, 0x0C, 0xCC, 0x00, 0x07, 0xF8, 0x00, 0x03, 0xE0, 0x00, 0x00, 0x00, 0x00, 0x00, 0x00, 0x00, 0x00, 0x00, 0x00, 0x00, 0x00, 0x00, 0x00, 0x00, 0x00, 0x00, 0x00, 0x00, 0x00, 0x00, 0x00, // [214] U+2295 CIRCLED PLUS
  0x00, 0x00, 0x00, 0x00, 0x00, 0x00, 0x00, 0x00, 0x00, 0x00, 0x00, 0x00, 0x00, 0x00, 0x00, 0x01, 0xC0, 0x00, 0x07, 0xF0, 0x00, 0x0E, 0x38, 0x00, 0x1E, 0x3C, 0x00, 0x1F, 0x7C, 0x00, 0x13, 0xE4, 0x00, 0x11, 0xC4, 0x00, 0x13, 0xEC, 0x00, 0x1F, 0x3C, 0x00, 0x0E, 0x18, 0x00, 0x0F, 0xF8, 0x00, 0x03, 0xE0, 0x00, 0x00, 0x00, 0x00, 0x00, 0x00, 0x00, 0x00, 0x00, 0x00, 0x00, 0x00, 0x00, 0x00, 0x00, 0x00, 0x00, 0x00, 0x00, 0x00, 0x00, 0x00, // [215] U+2297 CIRCLED TIMES
  0x00, 0x00, 0x00, 0x00, 0x00, 0x00, 0x00, 0x00, 0x00, 0x00, 0x00, 0x00, 0x00, 0x00, 0x00, 0x00, 0xC0, 0x00, 0x00, 0xC0, 0x00, 0x00, 0xC0, 0x00, 0x00, 0xC0, 0x00, 0x00, 0xC0, 0x00, 0x00, 0xC0, 0x00, 0x00, 0xC0, 0x00, 0x00, 0xC0, 0x00, 0x00, 0xC0, 0x00, 0x00, 0xC0, 0x00, 0x1F, 0xFE, 0x00, 0x1F, 0xFE, 0x00, 0x00, 0x00, 0x00, 0x00, 0x00, 0x00, 0x00, 0x00, 0x00, 0x00, 0x00, 0x00, 0x00, 0x00, 0x00, 0x00, 0x00, 0x00, 0x00, 0x00, 0x00, // [216] U+22A5 UP TACK
  0x00, 0x00, 0x00, 0x00, 0x00, 0x00, 0x00, 0x00, 0x00, 0x00, 0x00, 0x00, 0x00, 0x00, 0x00, 0x00, 0x00, 0x00, 0x00, 0x00, 0x00, 0x01, 0xE0, 0x00, 0x01, 0xE0, 0x00, 0x01, 0xE0, 0x00, 0x01, 0xE0, 0x00, 0x00, 0x00, 0x00, 0x00, 0x00, 0x00, 0x00, 0x00, 0x00, 0x00, 0x00, 0x00, 0x00, 0x00, 0x00, 0x00, 0x00, 0x00, 0x00, 0x00, 0x00, 0x00, 0x00, 0x00, 0x00, 0x00, 0x00, 0x00, 0x00, 0x00, 0x00, 0x00, 0x00, 0x00, 0x00, 0x00, 0x00, 0x00, 0x00, // [217] U+22C5 DOT OPERATOR
  0x01, 0xF8, 0x00, 0x01, 0xF0, 0x00, 0x01, 0xC0, 0x00, 0x01, 0xC0, 0x00, 0x01, 0xC0, 0x00, 0x01, 0xC0, 0x00, 0x01, 0xC0, 0x00, 0x01, 0xC0, 0x00, 0x01, 0xC0, 0x00, 0x01, 0xC0, 0x00, 0x01, 0xC0, 0x00, 0x01, 0xC0, 0x00, 0x01, 0xC0, 0x00, 0x01, 0xC0, 0x00, 0x01, 0xC0, 0x00, 0x01, 0xC0, 0x00, 0x01, 0xC0, 0x00, 0x01, 0xC0, 0x00, 0x01, 0xC0, 0x00, 0x01, 0xC0, 0x00, 0x00, 0x00, 0x00, 0x00, 0x00, 0x00, 0x00, 0x00, 0x00, 0x00, 0x00, 0x00, // [218] U+2308 LEFT CEILING
  0x07, 0xE0, 0x00, 0x07, 0xE0, 0x00, 0x00, 0xE0, 0x00, 0x00, 0xE0, 0x00, 0x00, 0xE0, 0x00, 0x00, 0xE0, 0x00, 0x00, 0xE0, 0x00, 0x00, 0xE0, 0x00, 0x00, 0xE0, 0x00, 0x00, 0xE0, 0x00, 0x00, 0xE0, 0x00, 0x00, 0xE0, 0x00, 0x00, 0xE0, 0x00, 0x00, 0xE0, 0x00, 0x00, 0xE0, 0x00, 0x00, 0xE0, 0x00, 0x00, 0xE0, 0x00, 0x00, 0xE0, 0x00, 0x00, 0xE0, 0x00, 0x00, 0xE0, 0x00, 0x00, 0x00, 0x00, 0x00, 0x00, 0x00, 0x00, 0x00, 0x00, 0x00, 0x00, 0x00, // [219] U+2309 RIGHT CEILING
  0x01, 0xC0, 0x00, 0x01, 0xC0, 0x00, 0x01, 0xC0, 0x00, 0x01, 0xC0, 0x00, 0x01, 0xC0, 0x00, 0x01, 0xC0, 0x00, 0x01, 0xC0, 0x00, 0x01, 0xC0, 0x00, 0x01, 0xC0, 0x00, 0x01, 0xC0, 0x00, 0x01, 0xC0, 0x00, 0x01, 0xC0, 0x00, 0x01, 0xC0, 0x00, 0x01, 0xC0, 0x00, 0x01, 0xC0, 0x00, 0x01, 0xC0, 0x00, 0x01, 0xC0, 0x00, 0x01, 0xC0, 0x00, 0x01, 0xF8, 0x00, 0x01, 0xF8, 0x00, 0x00, 0x00, 0x00, 0x00, 0x00, 0x00, 0x00, 0x00, 0x00, 0x00, 0x00, 0x00, // [220] U+230A LEFT FLOOR
  0x00, 0xE0, 0x00, 0x00, 0xE0, 0x00, 0x00, 0xE0, 0x00, 0x00, 0xE0, 0x00, 0x00, 0xE0, 0x00, 0x00, 0xE0, 0x00, 0x00, 0xE0, 0x00, 0x00, 0xE0, 0x00, 0x00, 0xE0, 0x00, 0x00, 0xE0, 0x00, 0x00, 0xE0, 0x00, 0x00, 0xE0, 0x00, 0x00, 0xE0, 0x00, 0x00, 0xE0, 0x00, 0x00, 0xE0, 0x00, 0x00, 0xE0, 0x00, 0x00, 0xE0, 0x00, 0x00, 0xE0, 0x00, 0x07, 0xE0, 0x00, 0x07, 0xE0, 0x00, 0x00, 0x00, 0x00, 0x00, 0x00, 0x00, 0x00, 0x00, 0x00, 0x00, 0x00, 0x00, // [221] U+230B RIGHT FLOOR
  0x00, 0x00, 0x00, 0x00, 0x00, 0x00, 0x00, 0xC0, 0x00, 0x01, 0xE0, 0x00, 0x03, 0x60, 0x00, 0x03, 0x30, 0x00, 0x06, 0x18, 0x00, 0x0C, 0x0C, 0x00, 0x1C, 0x0C, 0x00, 0x18, 0x06, 0x00, 0x18, 0x06, 0x00, 0x1C, 0x0C, 0x00, 0x0C, 0x0C, 0x00, 0x06, 0x18, 0x00, 0x03, 0x30, 0x00, 0x03, 0x60, 0x00, 0x01, 0xE0, 0x00, 0x00, 0xC0, 0x00, 0x00, 0x00, 0x00, 0x00, 0x00, 0x00, 0x00, 0x00, 0x00, 0x00, 0x00, 0x00, 0x00, 0x00, 0x00, 0x00, 0x00, 0x00, // [222] U+25CA LOZENGE
  0x00, 0x00, 0x00, 0x00, 0x00, 0x00, 0x00, 0x00, 0x00, 0x00, 0x00, 0x00, 0x00, 0x40, 0x00, 0x00, 0x60, 0x00, 0x00, 0xE0, 0x00, 0x01, 0xF0, 0x00, 0x03, 0xF8, 0x00, 0x07, 0xFC, 0x00, 0x0F, 0xFE, 0x00, 0x0F, 0xFE, 0x00, 0x0F, 0xFE, 0x00, 0x07, 0x5C, 0x00, 0x00, 0x40, 0x00, 0x00, 0xE0, 0x00, 0x03, 0xFC, 0x00, 0x00, 0x00, 0x00, 0x00, 0x00, 0x00, 0x00, 0x00, 0x00, 0x00, 0x00, 0x00, 0x00, 0x00, 0x00, 0x00, 0x00, 0x00, 0x00, 0x00, 0x00, // [223] U+2660 BLACK SPADE SUIT
  0x00, 0x00, 0x00, 0x00, 0x00, 0x00, 0x00, 0x00, 0x00, 0x00, 0x00, 0x00, 0x01, 0xE0, 0x00, 0x03, 0xF0, 0x00, 0x03, 0xF0, 0x00, 0x03, 0xF0, 0x00, 0x0F, 0xFC, 0x00, 0x1F, 0xFE, 0x00, 0x3F, 0xFE, 0x00, 0x3F, 0xFE, 0x00, 0x1F, 0xFE, 0x00, 0x1E, 0xBC, 0x00, 0x00, 0xC0, 0x00, 0x01, 0xE0, 0x00, 0x07, 0xF8, 0x00, 0x00, 0x00, 0x00, 0x00, 0x00, 0x00, 0x00, 0x00, 0x00, 0x00, 0x00, 0x00, 0x00, 0x00, 0x00, 0x00, 0x00, 0x00, 0x00, 0x00, 0x00, // [224] U+2663 BLACK CLUB SUIT
  0x00, 0x00, 0x00, 0x00, 0x00, 0x00, 0x00, 0x00, 0x00, 0x00, 0x00, 0x00, 0x0F, 0x3C, 0x00, 0x1F, 0x7C, 0x00, 0x1F, 0xFE, 0x00, 0x1F, 0xFE, 0x00, 0x1F, 0xFC, 0x00, 0x0F, 0xFC, 0x00, 0x07, 0xF8, 0x00, 0x07, 0xF8, 0x00, 0x03, 0xF0, 0x00, 0x01, 0xE0, 0x00, 0x01, 0xC0, 0x00, 0x00, 0xC0, 0x00, 0x00, 0x80, 0x00, 0x00, 0x00, 0x00, 0x00, 0x00, 0x00, 0x00, 0x00, 0x00, 0x00, 0x00, 0x00, 0x00, 0x00, 0x00, 0x00, 0x00, 0x00, 0x00, 0x00, 0x00, // [225] U+2665 BLACK HEART SUIT
  0x00, 0x00, 0x00, 0x00, 0x00, 0x00, 0x00, 0x00, 0x00, 0x00, 0x00, 0x00, 0x00, 0xC0, 0x00, 0x00, 0xC0, 0x00, 0x01, 0xE0, 0x00, 0x03, 0xF0, 0x00, 0x03, 0xF8, 0x00, 0x07, 0xF8, 0x00, 0x0F, 0xFC, 0x00, 0x07, 0xF8, 0x00, 0x03, 0xF8, 0x00, 0x03, 0xF0, 0x00, 0x01, 0xE0, 0x00, 0x00, 0xE0, 0x00, 0x00, 0xC0, 0x00, 0x00, 0x00, 0x00, 0x00, 0x00, 0x00, 0x00, 0x00, 0x00, 0x00, 0x00, 0x00, 0x00, 0x00, 0x00, 0x00, 0x00, 0x00, 0x00, 0x00, 0x00, // [226] U+2666 BLACK DIAMOND SUIT
};

extern const UnicodeGlyphEntry Font24_Ext_Index[] = {
  { 0x00A1, 0 },
  { 0x00A2, 1 },
  { 0x00A3, 2 },
  { 0x00A4, 3 },
  { 0x00A5, 4 },
  { 0x00A6, 5 },
  { 0x00A7, 6 },
  { 0x00A8, 7 },
  { 0x00A9, 8 },
  { 0x00AA, 9 },
  { 0x00AB, 10 },
  { 0x00AC, 11 },
  { 0x00AE, 12 },
  { 0x00AF, 13 },
  { 0x00B0, 14 },
  { 0x00B1, 15 },
  { 0x00B2, 16 },
  { 0x00B3, 17 },
  { 0x00B4, 18 },
  { 0x00B5, 19 },
  { 0x00B6, 20 },
  { 0x00B8, 21 },
  { 0x00B9, 22 },
  { 0x00BA, 23 },
  { 0x00BB, 24 },
  { 0x00BC, 25 },
  { 0x00BD, 26 },
  { 0x00BE, 27 },
  { 0x00BF, 28 },
  { 0x00C0, 29 },
  { 0x00C1, 30 },
  { 0x00C2, 31 },
  { 0x00C3, 32 },
  { 0x00C4, 33 },
  { 0x00C5, 34 },
  { 0x00C6, 35 },
  { 0x00C7, 36 },
  { 0x00C8, 37 },
  { 0x00C9, 38 },
  { 0x00CA, 39 },
  { 0x00CB, 40 },
  { 0x00CC, 41 },
  { 0x00CD, 42 },
  { 0x00CE, 43 },
  { 0x00CF, 44 },
  { 0x00D0, 45 },
  { 0x00D1, 46 },
  { 0x00D2, 47 },
  { 0x00D3, 48 },
  { 0x00D4, 49 },
  { 0x00D5, 50 },
  { 0x00D6, 51 },
  { 0x00D7, 52 },
  { 0x00D8, 53 },
  { 0x00D9, 54 },
  { 0x00DA, 55 },
  { 0x00DB, 56 },
  { 0x00DC, 57 },
  { 0x00DD, 58 },
  { 0x00DE, 59 },
  { 0x00DF, 60 },
  { 0x00E0, 61 },
  { 0x00E1, 62 },
  { 0x00E2, 63 },
  { 0x00E3, 64 },
  { 0x00E4, 65 },
  { 0x00E5, 66 },
  { 0x00E6, 67 },
  { 0x00E7, 68 },
  { 0x00E8, 69 },
  { 0x00E9, 70 },
  { 0x00EA, 71 },
  { 0x00EB, 72 },
  { 0x00EC, 73 },
  { 0x00ED, 74 },
  { 0x00EE, 75 },
  { 0x00EF, 76 },
  { 0x00F0, 77 },
  { 0x00F1, 78 },
  { 0x00F2, 79 },
  { 0x00F3, 80 },
  { 0x00F4, 81 },
  { 0x00F5, 82 },
  { 0x00F6, 83 },
  { 0x00F7, 84 },
  { 0x00F8, 85 },
  { 0x00F9, 86 },
  { 0x00FA, 87 },
  { 0x00FB, 88 },
  { 0x00FC, 89 },
  { 0x00FD, 90 },
  { 0x00FE, 91 },
  { 0x00FF, 92 },
  { 0x0152, 93 },
  { 0x0153, 94 },
  { 0x0160, 95 },
  { 0x0161, 96 },
  { 0x0178, 97 },
  { 0x0192, 98 },
  { 0x02C6, 99 },
  { 0x02DC, 100 },
  { 0x0391, 101 },
  { 0x0392, 102 },
  { 0x0393, 103 },
  { 0x0394, 104 },
  { 0x0395, 105 },
  { 0x0396, 106 },
  { 0x0397, 107 },
  { 0x0398, 108 },
  { 0x0399, 109 },
  { 0x039A, 110 },
  { 0x039B, 111 },
  { 0x039C, 112 },
  { 0x039D, 113 },
  { 0x039E, 114 },
  { 0x039F, 115 },
  { 0x03A0, 116 },
  { 0x03A1, 117 },
  { 0x03A3, 118 },
  { 0x03A4, 119 },
  { 0x03A5, 120 },
  { 0x03A6, 121 },
  { 0x03A7, 122 },
  { 0x03A8, 123 },
  { 0x03A9, 124 },
  { 0x03B1, 125 },
  { 0x03B2, 126 },
  { 0x03B3, 127 },
  { 0x03B4, 128 },
  { 0x03B5, 129 },
  { 0x03B6, 130 },
  { 0x03B7, 131 },
  { 0x03B8, 132 },
  { 0x03B9, 133 },
  { 0x03BA, 134 },
  { 0x03BB, 135 },
  { 0x03BC, 136 },
  { 0x03BD, 137 },
  { 0x03BE, 138 },
  { 0x03BF, 139 },
  { 0x03C0, 140 },
  { 0x03C1, 141 },
  { 0x03C2, 142 },
  { 0x03C3, 143 },
  { 0x03C4, 144 },
  { 0x03C5, 145 },
  { 0x03C6, 146 },
  { 0x03C7, 147 },
  { 0x03C8, 148 },
  { 0x03C9, 149 },
  { 0x03D1, 150 },
  { 0x03D2, 151 },
  { 0x03D6, 152 },
  { 0x2013, 153 },
  { 0x2014, 154 },
  { 0x2018, 155 },
  { 0x2019, 156 },
  { 0x201A, 157 },
  { 0x201C, 158 },
  { 0x201D, 159 },
  { 0x201E, 160 },
  { 0x2020, 161 },
  { 0x2021, 162 },
  { 0x2022, 163 },
  { 0x2026, 164 },
  { 0x2030, 165 },
  { 0x2032, 166 },
  { 0x2033, 167 },
  { 0x2039, 168 },
  { 0x203A, 169 },
  { 0x203E, 170 },
  { 0x2044, 171 },
  { 0x20AC, 172 },
  { 0x2122, 173 },
  { 0x2190, 174 },
  { 0x2191, 175 },
  { 0x2192, 176 },
  { 0x2193, 177 },
  { 0x2194, 178 },
  { 0x21B5, 179 },
  { 0x2200, 180 },
  { 0x2202, 181 },
  { 0x2203, 182 },
  { 0x2205, 183 },
  { 0x2207, 184 },
  { 0x2208, 185 },
  { 0x2209, 186 },
  { 0x220B, 187 },
  { 0x220F, 188 },
  { 0x2211, 189 },
  { 0x2212, 190 },
  { 0x2217, 191 },
  { 0x221A, 192 },
  { 0x221D, 193 },
  { 0x221E, 194 },
  { 0x2220, 195 },
  { 0x2227, 196 },
  { 0x2228, 197 },
  { 0x2229, 198 },
  { 0x222A, 199 },
  { 0x222B, 200 },
  { 0x2234, 201 },
  { 0x223C, 202 },
  { 0x2245, 203 },
  { 0x2248, 204 },
  { 0x2260, 205 },
  { 0x2261, 206 },
  { 0x2264, 207 },
  { 0x2265, 208 },
  { 0x2282, 209 },
  { 0x2283, 210 },
  { 0x2284, 211 },
  { 0x2286, 212 },
  { 0x2287, 213 },
  { 0x2295, 214 },
  { 0x2297, 215 },
  { 0x22A5, 216 },
  { 0x22C5, 217 },
  { 0x2308, 218 },
  { 0x2309, 219 },
  { 0x230A, 220 },
  { 0x230B, 221 },
  { 0x25CA, 222 },
  { 0x2660, 223 },
  { 0x2663, 224 },
  { 0x2665, 225 },
  { 0x2666, 226 },
};
extern const uint16_t Font24_Ext_Count = 227;

